Workbook

Sheet READ ME
A1: PANDUAN
A2: Isi yang berwarna | D2: aja (jgn malu menjadi pinky boy)
A4: Untuk yg pake sheer, isi warna | E4: di sheet "Perhitungan Main Part". Yang ga pake sheer, gausah.
A6: Baca comment di cell yg ada comment nya
A8: Jangan mengganti jumlah WL
A10: Skala di Sketsa jangan lupa di sesuaikan sendiri

Sheet Tabel Offset
A1: TABLE ORDINATE OF HALF BREADTH | Z1: Principal Dimensions
A2: NO STATION | B2: HALF BREADTH (m) | W2: NO STATION | Z2: Type | AA2: General Cargo
B3: Baseline | C3: WL | D3: WL | E3: WL | F3: WL | G3: WL | H3: WL | I3: WL | J3: WL | K3: WL | L3: WL | M3: WL | N3: WL | O3: WL | P3: WL | Q3: WL | R3: WL | S3: WL | T3: WL | U3: WL | V3: WL | Z3: Loa | AA3: 100.87 | AB3: m
C4: 0.25 | D4: 0.5 | E4: 0.75 | F4: 1 | G4: 1.5 | H4: 2 | I4: 2.5 | J4: 3 | K4: 3.5 | L4: 4 | M4: 4.5 | N4: 5 | O4: 5.5 | P4: 6 | Q4: 6.25 | R4: 6.5 | S4: =AVERAGE(R4,T4) -> 6.85 | T4: =AVERAGE(R4,V4) -> 7.2 | U4: =AVERAGE(T4,V4) -> 7.55 | V4: 7.9 | Z4: Lpp | AA4: 95.07 | AB4: m
A5: Transom | R5: 0.5505 | S5: 1.3981 | T5: 2.03 | U5: 2.5747 | V5: 3.0576 | W5: =A5 -> Transom | X5: Tr - A | Y5: =(AA11-AA4)/2 -> 1.9 | Z5: B | AA5: 16 | AB5: m
A6: A | P6: 0.5375 | Q6: 1.083 | R6: 1.5935 | S6: 2.21 | T6: 2.7516 | U6: 3.2456 | V6: 3.7108 | W6: A | Z6: H | AA6: 7.9 | AB6: m
A7: AP | O7: 0.6606 | P7: 1.652 | Q7: 2.0552 | R7: 2.442 | S7: 2.9635 | T7: 3.4637 | U7: 3.9378 | V7: 4.381 | W7: =A7 -> AP | X7: A - AP | Y7: =Y5 -> 1.9 | Z7: T | AA7: 6.31 | AB7: m
A8: 0.5 | F8: 0.126 | G8: 0.408 | H8: 0.579 | I8: 0.726 | J8: 0.8416 | K8: 0.9278 | L8: 1.0852 | M8: 1.4456 | N8: 1.9207 | O8: 2.4032 | P8: 2.9306 | Q8: 3.2115 | R8: 3.5166 | S8: 3.9625 | T8: 4.3792 | U8: 4.7765 | V8: 5.1792 | W8: =A8 -> 0.5 | Z8: Vs | AA8: 12 | AB8: knot
A9: 1 | B9: 0 | C9: 0.2612 | D9: 0.5213 | E9: 0.7287 | F9: 0.908 | G9: 1.2141 | H9: 1.4761 | I9: 1.7167 | J9: 1.9563 | K9: 2.2093 | L9: 2.4785 | M9: 2.7705 | N9: 3.1349 | O9: 3.5859 | P9: 4.0891 | Q9: 4.3596 | R9: 4.6355 | S9: 5.0395 | T9: 5.4706 | U9: 5.8748 | V9: 6.207 | W9: =A9 -> 1
A10: 1.5 | B10: 0.018 | C10: 0.6839 | D10: 1.0291 | E10: 1.2899 | F10: 1.5044 | G10: 1.859 | H10: 2.1913 | I10: 2.5159 | J10: 2.8159 | K10: 3.1036 | L10: 3.4388 | M10: 3.8023 | N10: 4.2317 | O10: 4.725 | P10: 5.2425 | Q10: 5.5101 | R10: 5.788 | S10: 8.141 | T10: 6.4225 | U10: 6.654 | V10: 6.8489 | W10: 1.5
A11: 2 | B11: 0.076 | C11: 1.0672 | D11: 1.521 | E11: 1.8553 | F11: 2.1235 | G11: 2.609 | H11: 3.0713 | I11: 3.4531 | J11: 3.7939 | K11: 4.132 | L11: 4.4604 | M11: 4.8564 | N11: 5.2958 | O11: 5.75 | P11: 6.2245 | Q11: 6.444 | R11: 6.6256 | S11: 6.8285 | T11: 6.9941 | U11: 7.1372 | V11: 7.2625 | W11: =A11 -> 2 | Z11: Lwl | AA11: 98.87 | AB11: m
A12: 3 | B12: 0.241 | C12: 2.3513 | D12: 3.0826 | E12: 3.5334 | F12: 3.9111 | G12: 4.5731 | H12: 5.0314 | I12: 5.4565 | J12: 5.8073 | K12: 6.1227 | L12: 6.4538 | M12: 6.7876 | N12: 7.1274 | O12: 7.3618 | P12: 7.5007 | Q12: 7.5528 | R12: 7.5999 | S12: 7.6603 | T12: 7.7147 | U12: 7.7634 | V12: 7.8069 | W12: =A12 -> 3 | Z12: ρ | AA12: 1.025 | AB12: ton/m^3
A13: 4 | B13: 0.53 | C13: 4.538 | D13: 5.2295 | E13: 5.6176 | F13: 5.942 | G13: 6.4107 | H13: 6.8182 | I13: 7.1653 | J13: 7.4387 | K13: 7.645 | L13: 7.7888 | M13: 7.8757 | N13: 7.9269 | O13: 7.9618 | P13: 7.9876 | Q13: 7.9984 | R13: 8.0084 | S13: 8.0215 | T13: 8.0335 | U13: 8.0445 | V13: 8.0545 | W13: =A13 -> 4
A14: 5 | B14: 1.075 | C14: 6.5491 | D14: 6.9298 | E14: 7.2003 | F14: 7.4073 | G14: 7.6882 | H14: 7.9081 | I14: 8.0208 | J14: 8.0664 | K14: 8.0914 | L14: 8.1066 | M14: 8.1149 | N14: 8.1196 | O14: 8.1232 | P14: 8.1263 | Q14: 8.1276 | R14: 8.1289 | S14: 8.1305 | T14: 8.1319 | U14: 8.1332 | V14: 8.1343 | W14: =A14 -> 5
A15: 6 | B15: 2.979 | C15: 7.4683 | D15: 7.765 | E15: 7.9116 | F15: 8.0008 | G15: 8.0995 | H15: 8.1225 | I15: 8.1308 | J15: 8.1437 | K15: 8.1406 | L15: 8.1419 | M15: 8.1426 | N15: 8.1431 | O15: 8.1434 | P15: 8.1438 | Q15: 8.144 | R15: 8.144 | S15: 8.144 | T15: 8.144 | U15: 8.144 | V15: 8.144 | W15: =A15 -> 6
A16: 7 | B16: 6.5716 | C16: 7.8266 | D16: 8.0092 | E16: 8.0868 | F16: 8.1173 | G16: 8.1322 | H16: 8.1383 | I16: 8.1421 | J16: 8.144 | K16: 8.144 | L16: 8.144 | M16: 8.144 | N16: 8.144 | O16: 8.144 | P16: 8.144 | Q16: 8.144 | R16: 8.144 | S16: 8.144 | T16: 8.144 | U16: 8.144 | V16: 8.144 | W16: =A16 -> 7
A17: 8 | B17: 6.5716 | C17: 8.144 | D17: 8.144 | E17: 8.144 | F17: 8.144 | G17: 8.144 | H17: 8.144 | I17: 8.144 | J17: 8.144 | K17: 8.144 | L17: 8.144 | M17: 8.144 | N17: 8.144 | O17: 8.144 | P17: 8.144 | Q17: 8.144 | R17: 8.144 | S17: 8.144 | T17: 8.144 | U17: 8.144 | V17: 8.144 | W17: =A17 -> 8
A18: 9 | B18: 6.5716 | C18: 8.144 | D18: 8.144 | E18: 8.144 | F18: 8.144 | G18: 8.144 | H18: 8.144 | I18: 8.144 | J18: 8.144 | K18: 8.144 | L18: 8.144 | M18: 8.144 | N18: 8.144 | O18: 8.144 | P18: 8.144 | Q18: 8.144 | R18: 8.144 | S18: 8.144 | T18: 8.144 | U18: 8.144 | V18: 8.144 | W18: =A18 -> 9
A19: 10 | B19: 6.5716 | C19: 8.144 | D19: 8.144 | E19: 8.144 | F19: 8.144 | G19: 8.144 | H19: 8.144 | I19: 8.144 | J19: 8.144 | K19: 8.144 | L19: 8.144 | M19: 8.144 | N19: 8.144 | O19: 8.144 | P19: 8.144 | Q19: 8.144 | R19: 8.144 | S19: 8.144 | T19: 8.144 | U19: 8.144 | V19: 8.144 | W19: =A19 -> 10
A20: 11 | B20: 6.5716 | C20: 8.144 | D20: 8.144 | E20: 8.144 | F20: 8.144 | G20: 8.144 | H20: 8.144 | I20: 8.144 | J20: 8.144 | K20: 8.144 | L20: 8.144 | M20: 8.144 | N20: 8.144 | O20: 8.144 | P20: 8.144 | Q20: 8.144 | R20: 8.144 | S20: 8.144 | T20: 8.144 | U20: 8.144 | V20: 8.144 | W20: =A20 -> 11
A21: 12 | B21: 6.5716 | C21: 8.144 | D21: 8.144 | E21: 8.144 | F21: 8.144 | G21: 8.144 | H21: 8.144 | I21: 8.144 | J21: 8.144 | K21: 8.144 | L21: 8.144 | M21: 8.144 | N21: 8.144 | O21: 8.144 | P21: 8.144 | Q21: 8.144 | R21: 8.144 | S21: 8.144 | T21: 8.144 | U21: 8.144 | V21: 8.144 | W21: =A21 -> 12
A22: 13 | B22: 6.847 | C22: 8.144 | D22: 8.144 | E22: 8.144 | F22: 8.144 | G22: 8.144 | H22: 8.144 | I22: 8.144 | J22: 8.144 | K22: 8.144 | L22: 8.144 | M22: 8.144 | N22: 8.144 | O22: 8.144 | P22: 8.144 | Q22: 8.144 | R22: 8.144 | S22: 8.144 | T22: 8.144 | U22: 8.144 | V22: 8.144 | W22: =A22 -> 13
A23: 14 | B23: 6.697 | C23: 7.821 | D23: 8.0076 | E23: 8.084 | F23: 8.1144 | G23: 8.1304 | H23: 8.1373 | I23: 8.1412 | J23: 8.1435 | K23: 8.144 | L23: 8.144 | M23: 8.144 | N23: 8.144 | O23: 8.144 | P23: 8.144 | Q23: 8.144 | R23: 8.144 | S23: 8.144 | T23: 8.144 | U23: 8.144 | V23: 8.144 | W23: =A23 -> 14
A24: 15 | B24: 6.305 | C24: 7.198 | D24: 7.5349 | E24: 7.7169 | F24: 7.8233 | G24: 7.9036 | H24: 7.9396 | I24: 7.9703 | J24: 7.9987 | K24: 8.0253 | L24: 8.0499 | M24: 8.0716 | N24: 8.0895 | O24: 8.1029 | P24: 8.1125 | Q24: 8.1164 | R24: 8.1198 | S24: 8.1239 | T24: 8.1274 | U24: 8.1303 | V24: 8.1327 | W24: =A24 -> 15
... A30: 19.5 | B30: 0 | C30: 0 | D30: 0.411 | E30: 0.7389 | F30: 0.9469 | G30: 1.199 | H30: 1.4209 | I30: 1.629 | J30: 1.814 | K30: 1.9725 | L30: 2.1211 | M30: 2.265 | N30: 2.4046 | O30: 2.5406 | P30: 2.6729 | Q30: 2.7376 | R30: 2.8013 | S30: 2.8885 | T30: 2.9731 | U30: 3.0549 | V30: 3.31343 | W30: =A30 -> 19.5
A31: FP | R31: 0.1624 | S31: 0.2674 | T31: 0.3696 | U31: 0.4779 | V31: 0.579 | W31: =A31 -> FP
B33: TABLE OF HALF-BREADTH
B34: NO. | C34: HALF-BREADTH PLAN (m) | O34: NO.
C35: FLAT OF BOTTOM | D35: WL | E35: WL | F35: WL | G35: WL | H35: WL | I35: WL | J35: WL | K35: WL | L35: MD | M35: PD | N35: FORECASTLE DECK | O35: BULWARK
B36: STATION | D36: 0.5 | E36: 1 | F36: 1.5 | G36: 2 | H36: 3 | I36: 4 | J36: 5 | K36: 6.3
B37: Transom | L37: 4.034 | M37: 5.074 | O37: 5.401
B38: A | K38: 0.871 | L38: 4.697 | M38: 5.47 | O38: 5.713
B39: AP | K39: 1.831 | L39: 5.211 | M39: 5.859 | O39: 6.057
B40: 0.5 | E40: 0.298 | F40: 0.431 | G40: 0.44 | H40: 0.282 | I40: 0.265 | J40: 1.129 | K40: 2.645 | L40: 5.66 | M40: 6.279 | O40: 6.443
B41: 1 | D41: 1.292 | E41: 1.48 | F41: 1.592 | G41: 1.678 | H41: 1.825 | I41: 2.055 | J41: 2.507 | K41: 3.636 | L41: 5.64 | M41: 6.431 | O41: 6.565
B42: 1.5 | C42: 0.27 | D42: 2.598 | E42: 2.78 | F42: 2.896 | G42: 2.993 | H42: 3.138 | I42: 3.323 | J42: 3.644 | K42: 4.419 | L42: 6.015 | M42: 6.559 | O42: 6.662
B43: 2 | C43: 0.426 | D43: 4.063 | E43: 4.193 | F43: 4.273 | G43: 4.329 | H43: 4.436 | I43: 4.582 | J43: 4.835 | K43: 5.417 | L43: 6.352 | M43: 6.697 | O43: 6.767
B44: 3 | C44: 0.289 | D44: 5.76 | E44: 5.862 | F44: 5.909 | G44: 5.946 | H44: 6.013 | I44: 6.101 | J44: 6.255 | K44: 6.575 | L44: 6.812 | M44: 6.922 | O44: 6.956
B45: 4 | C45: 0.667 | D45: 6.545 | E45: 6.617 | F45: 6.658 | G45: 6.688 | H45: 6.735 | I45: 6.793 | J45: 6.88 | K45: 6.974 | L45: 7.017 | O45: 7.054
B46: 5 | C46: 3.166 | D46: 6.708 | E46: 6.776 | F46: 6.815 | G46: 6.843 | H46: 6.887 | I46: 6.936 | J46: 6.989 | K46: 7.038 | L46: 7.07 | O46: 7.089
B47: 6 | C47: 2.85 | D47: 6.735 | E47: 6.79 | F47: 6.82 | G47: 6.835 | H47: 6.866 | I47: 6.928 | J47: 6.998 | K47: 7.064 | L47: 7.118 | O47: 7.12
B48: 7 | C48: 2.052 | D48: 6.806 | E48: 6.85 | F48: 6.882 | G48: 6.906 | H48: 6.94 | I48: 6.999 | J48: 7.065 | K48: 7.124 | L48: 7.167 | O48: 7.17
B49: 8 | C49: 1.381 | D49: 7.016 | E49: 7.05 | F49: 7.064 | G49: 7.072 | H49: 7.087 | I49: 7.109 | J49: 7.152 | K49: 7.187 | L49: 7.212 | O49: 7.213
B50: 9 | C50: 1.314 | D50: 7.099 | E50: 7.121 | F50: 7.136 | G50: 7.143 | H50: 7.152 | I50: 7.161 | J50: 7.181 | K50: 7.204 | L50: 7.223 | O50: 7.223
B51: 10 | C51: 1.317 | D51: 7.1 | E51: 7.122 | F51: 7.137 | G51: 7.143 | H51: 7.153 | I51: 7.162 | J51: 7.182 | K51: 7.204 | L51: 7.223 | O51: 7.225
B52: 11 | C52: 1.317 | D52: 7.1 | E52: 7.122 | F52: 7.137 | G52: 7.143 | H52: 7.152 | I52: 7.162 | J52: 7.182 | K52: 7.204 | L52: 7.223 | O52: 7.225
B53: 12 | C53: 1.316 | D53: 7.1 | E53: 7.122 | F53: 7.137 | G53: 7.143 | H53: 7.152 | I53: 7.162 | J53: 7.182 | K53: 7.204 | L53: 7.222 | O53: 7.223
B54: 13 | C54: 1.312 | D54: 7.098 | E54: 7.119 | F54: 7.133 | G54: 7.14 | H54: 7.15 | I54: 7.16 | J54: 7.181 | K54: 7.203 | L54: 7.214 | O54: 7.223
B55: 14 | C55: 1.421 | D55: 7.008 | E55: 7.033 | F55: 7.046 | G55: 7.054 | H55: 7.072 | I55: 7.092 | J55: 7.119 | K55: 7.153 | L55: 7.182 | O55: 7.206
B56: 15 | C56: 2.368 | D56: 6.708 | E56: 6.736 | F56: 6.759 | G56: 6.779 | H56: 6.815 | I56: 6.851 | J56: 6.893 | K56: 6.965 | L56: 7.069 | O56: 7.131
... B59: 18 | C59: 0.447 | D59: 3.933 | E59: 4.036 | F59: 4.096 | G59: 4.138 | H59: 4.206 | I59: 4.286 | J59: 4.389 | K59: 4.538 | L59: 4.853 | O59: 5.075
B60: 18.5 | D60: 3.021 | E60: 3.107 | F60: 3.164 | G60: 3.2 | H60: 3.271 | I60: 3.362 | J60: 3.489 | K60: 3.673 | L60: 4.022 | O60: 4.241
B61: 19 | D61: 1.8 | E61: 1.924 | F61: 1.981 | G61: 2.041 | H61: 2.145 | I61: 2.231 | J61: 2.339 | K61: 2.577 | L61: 3.122 | O61: 3.379
B62: 19.5 | D62: 0.38 | E62: 0.503 | F62: 0.58 | G62: 0.649 | H62: 0.792 | I62: 0.958 | J62: 1.093 | K62: 1.316 | L62: 2.728 | N62: 2.728 | O62: 1.988
B63: FP | K63: 0.024 | L63: 1.769 | N63: 1.769 | O63: 1.967

Sheet Sheet1
A1: Baseline | B1: 0,001
A2: WL 0.25 | B2: 0,250
A3: WL 0.50 | B3: 0,500
A4: WL 0.75 | B4: 0,750
A5: WL 1.00 | B5: 1000
A6: WL 1.50 | B6: 1500
A7: WL 2.00 | B7: 2000
A8: WL 2.50 | B8: 2500
A9: WL 3.00 | B9: 3000
A10: WL 3.50 | B10: 3500
A11: WL 4.00 | B11: 4000
A12: WL 4.50 | B12: 4500
A13: WL 5.00 | B13: 5000
A14: WL 5.50 | B14: 5500
A15: WL 6.00 | B15: 6000
A16: WL 6.10 | B16: 6100
... A21: WL 7.80 | B21: 7800

Sheet Perhitungan Main Part
DR1: PERHITUNGAN LUAS DARI H SAMPAI SHEER
B2: ST | C2: X | D2: 0 | E2: m WL | F2: ~ | G2: ='Tabel Offset'!D4 -> 0.5 | H2: m WL | I2: h = | J2: =(G2-D2)/2 -> 0.25 | K2: m | N2: ST | O2: X | P2: ='Tabel Offset'!D4 -> 0.5 | Q2: m WL | R2: ~ | S2: ='Tabel Offset'!F4 -> 1 | T2: m WL | U2: h = | V2: =(S2-P2)/2 -> 0.25 | W2: m | Z2: ST | AA2: X | AB2: ='Tabel Offset'!F4 -> 1 | AC2: m WL | AD2: ~ | AE2: ='Tabel Offset'!H4 -> 2 | AF2: m WL | AG2: h = | AH2: =(AE2-AB2)/2 -> 0.5 | AI2: m | AL2: ST | AM2: X | AN2: ='Tabel Offset'!H4 -> 2 | AO2: m WL | AP2: ~ | AQ2: ='Tabel Offset'!J4 -> 3 | AR2: m WL | AS2: h = | AT2: =(AQ2-AN2)/2 -> 0.5 | AU2: m | AX2: ST | AY2: X | AZ2: ='Tabel Offset'!J4 -> 3 | BA2: m WL | BB2: ~ | BC2: ='Tabel Offset'!L4 -> 4 | BD2: m WL | BE2: h = | BF2: =(BC2-AZ2)/2 -> 0.5 | BG2: m | BJ2: ST | BK2: X | BL2: ='Tabel Offset'!L4 -> 4 | BM2: m WL | BN2: ~ | BO2: ='Tabel Offset'!N4 -> 5 | BP2: m WL | BQ2: h = | BR2: =(BO2-BL2)/2 -> 0.5 | BS2: m | BV2: ST | BW2: X | BX2: ='Tabel Offset'!N4 -> 5 | BY2: m WL | BZ2: ~ | CA2: ='Tabel Offset'!P4 -> 6 | CB2: m WL | CC2: h = | CD2: =(CA2-BX2)/2 -> 0.5 | CE2: m | CH2: ST | CI2: X | CJ2: ='Tabel Offset'!P4 -> 6 | CK2: m WL | CL2: ~ | CM2: ='Tabel Offset'!R4 -> 6.5 | CN2: m WL | CO2: h = | CP2: =(CM2-CJ2)/2 -> 0.25 | CQ2: m | CT2: ST | CU2: X | CV2: ='Tabel Offset'!R4 -> 6.5 | CW2: m WL | CX2: ~ | CY2: ='Tabel Offset'!T4 -> 7.2 | CZ2: m WL | DA2: h = | DB2: =(CY2-CV2)/2 -> 0.35 | DC2: m | DF2: ST | DG2: X | DH2: ='Tabel Offset'!T4 -> 7.2 | DI2: m WL | DJ2: ~ | DK2: ='Tabel Offset'!V4 -> 7.9 | DL2: m WL | DM2: h = | DN2: =(DK2-DH2)/2 -> 0.35 | DO2: m | DR2: ST | DS2: X | DT2: ='Tabel Offset'!V4 -> 7.9 | DU2: m WL | DV2: ~ | DW2: Zmax | DX2: m WL | ED2: m
D3: =D2 -> 0 | E3: m WL | F3: =(G2-D2)/2+D2 -> 0.25 | G3: m WL | H3: =G2 -> 0.5 | I3: m WL | J3: ΣYS | K3: A | L3: ATOTAL | P3: =P2 -> 0.5 | Q3: m WL | R3: =(S2-P2)/2+P2 -> 0.75 | S3: m WL | T3: =S2 -> 1 | U3: m WL | V3: ΣYS | W3: A | X3: ATOTAL | AB3: =AB2 -> 1 | AC3: m WL | AD3: =(AE2-AB2)/2+AB2 -> 1.5 | AE3: m WL | AF3: =AE2 -> 2 | AG3: m WL | AH3: ΣYS | AI3: A | AJ3: ATOTAL | AN3: =AN2 -> 2 | AO3: m WL | AP3: =(AQ2-AN2)/2+AN2 -> 2.5 | AQ3: m WL | AR3: =AQ2 -> 3 | AS3: m WL | AT3: ΣYS | AU3: A | AV3: ATOTAL | AZ3: =AZ2 -> 3 | BA3: m WL | BB3: =(BC2-AZ2)/2+AZ2 -> 3.5 | BC3: m WL | BD3: =BC2 -> 4 | BE3: m WL | BF3: ΣYS | BG3: A | BH3: ATOTAL | BL3: =BL2 -> 4 | BM3: m WL | BN3: =(BO2-BL2)/2+BL2 -> 4.5 | BO3: m WL | BP3: =BO2 -> 5 | BQ3: m WL | BR3: ΣYS | BS3: A | BT3: ATOTAL | BX3: =BX2 -> 5 | BY3: m WL | BZ3: =(CA2-BX2)/2+BX2 -> 5.5 | CA3: m WL | CB3: =CA2 -> 6 | CC3: m WL | CD3: ΣYS | CE3: A | CF3: ATOTAL | CJ3: =CJ2 -> 6 | CK3: m WL | CL3: =(CM2-CJ2)/2+CJ2 -> 6.25 | CM3: m WL | CN3: =CM2 -> 6.5 | CO3: m WL | CP3: ΣYS | CQ3: A | CR3: ATOTAL | CV3: =CV2 -> 6.5 | CW3: m WL | CX3: =(CY2-CV2)/2+CV2 -> 6.85 | CY3: m WL | CZ3: =CY2 -> 7.2 | DA3: m WL | DB3: ΣYS | DC3: A | DD3: ATOTAL | DH3: =DH2 -> 7.2 | DI3: m WL | DJ3: =(DK2-DH2)/2+DH2 -> 7.55 | DK3: m WL | DL3: =DK2 -> 7.9 | DM3: m WL | DN3: ΣYS | DO3: A | DP3: ATOTAL | DT3: =DT2 -> 7.9 | DU3: m WL | DV3: (Z-WL terakhir)/2+WL Terakhir | DY3: Zmax | EB3: ΣYS | EC3: A | ED3: ATOTAL
D4: S = | E4: 1 | F4: S = | G4: 4 | H4: S = | I4: 1 | P4: S = | Q4: 1 | R4: S = | S4: 4 | T4: S = | U4: 1 | AB4: S = | AC4: 1 | AD4: S = | AE4: 4 | AF4: S = | AG4: 1 | AN4: S = | AO4: 1 | AP4: S = | AQ4: 4 | AR4: S = | AS4: 1 | AZ4: S = | BA4: 1 | BB4: S = | BC4: 4 | BD4: S = | BE4: 1 | BL4: S = | BM4: 1 | BN4: S = | BO4: 4 | BP4: S = | BQ4: 1 | BX4: S = | BY4: 1 | BZ4: S = | CA4: 4 | CB4: S = | CC4: 1 | CJ4: S = | CK4: 1 | CL4: S = | CM4: 4 | CN4: S = | CO4: 1 | CV4: S = | CW4: 1 | CX4: S = | CY4: 4 | CZ4: S = | DA4: 1 | DH4: S = | DI4: 1 | DJ4: S = | DK4: 4 | DL4: S = | DM4: 1 | DT4: S = | DU4: 1 | DV4: S = | DW4: 4 | DX4: =DV3 -> (Z-WL terakhir)/2+WL Terakhir | DY4: S = | DZ4: 1 | EA4: Zmax
D5: Y | E5: YS | F5: Y | G5: YS | H5: Y | I5: YS | P5: Y | Q5: YS | R5: Y | S5: YS | T5: Y | U5: YS | AB5: Y | AC5: YS | AD5: Y | AE5: YS | AF5: Y | AG5: YS | AN5: Y | AO5: YS | AP5: Y | AQ5: YS | AR5: Y | AS5: YS | AZ5: Y | BA5: YS | BB5: Y | BC5: YS | BD5: Y | BE5: YS | BL5: Y | BM5: YS | BN5: Y | BO5: YS | BP5: Y | BQ5: YS | BX5: Y | BY5: YS | BZ5: Y | CA5: YS | CB5: Y | CC5: YS | CJ5: Y | CK5: YS | CL5: Y | CM5: YS | CN5: Y | CO5: YS | CV5: Y | CW5: YS | CX5: Y | CY5: YS | CZ5: Y | DA5: YS | DH5: Y | DI5: YS | DJ5: Y | DK5: YS | DL5: Y | DM5: YS | DT5: Y | DU5: YS | DV5: Y | DW5: YS | DY5: Y | DZ5: YS
B6: ='Tabel Offset'!$A7 -> AP | C6: =IF(B6="AP",0,IF(B6="FP",'Tabel Offset'!$AA$4,B6/20*'Tabel Offset'!$AA$4)) -> 0 | D6: ='Tabel Offset'!B7 -> 0 | E6: =D6*E$4 -> 0 | F6: ='Tabel Offset'!C7 -> 0 | G6: =F6*G$4 -> 0 | H6: ='Tabel Offset'!D7 -> 0 | I6: =H6*I$4 -> 0 | J6: =SUM(E6,G6,I6) -> 0 | K6: =2*1/3*J$2*J6 -> 0 | L6: =K6 -> 0 | N6: ='Tabel Offset'!$A7 -> AP | O6: =IF(N6="AP",0,IF(N6="FP",'Tabel Offset'!$AA$4,N6/20*'Tabel Offset'!$AA$4)) -> 0 | P6: ='Tabel Offset'!D5 -> 0 | Q6: =P6*Q$4 -> 0 | R6: ='Tabel Offset'!E7 -> 0 | S6: =R6*S$4 -> 0 | T6: ='Tabel Offset'!F7 -> 0 | U6: =T6*U$4 -> 0 | V6: =SUM(Q6,S6,U6) -> 0 | W6: =2*1/3*V$2*V6 -> 0 | X6: =W6+L6 -> 0 | Z6: ='Tabel Offset'!$A7 -> AP | AA6: =IF(Z6="AP",0,IF(Z6="FP",'Tabel Offset'!$AA$4,Z6/20*'Tabel Offset'!$AA$4)) -> 0 | AB6: ='Tabel Offset'!F7 -> 0 | AC6: =AB6*AC$4 -> 0 | AD6: ='Tabel Offset'!G7 -> 0 | AE6: =AD6*AE$4 -> 0 | AF6: ='Tabel Offset'!H7 -> 0 | AG6: =AF6*AG$4 -> 0 | AH6: =SUM(AC6,AE6,AG6) -> 0 | AI6: =2*1/3*AH$2*AH6 -> 0 | AJ6: =AI6+X6 -> 0 | AL6: ='Tabel Offset'!$A7 -> AP | AM6: =IF(AL6="AP",0,IF(AL6="FP",'Tabel Offset'!$AA$4,AL6/20*'Tabel Offset'!$AA$4)) -> 0 | AN6: ='Tabel Offset'!H7 -> 0 | AO6: =AN6*AO$4 -> 0 | AP6: ='Tabel Offset'!I7 -> 0 | AQ6: =AP6*AQ$4 -> 0 | AR6: ='Tabel Offset'!J7 -> 0 | AS6: =AR6*AS$4 -> 0 | AT6: =SUM(AO6,AQ6,AS6) -> 0 | AU6: =2*1/3*AT$2*AT6 -> 0 | AV6: =AU6+AJ6 -> 0 | AX6: ='Tabel Offset'!$A7 -> AP | AY6: =IF(AX6="AP",0,IF(AX6="FP",'Tabel Offset'!$AA$4,AX6/20*'Tabel Offset'!$AA$4)) -> 0 | AZ6: ='Tabel Offset'!J7 -> 0 | BA6: =AZ6*BA$4 -> 0 | BB6: ='Tabel Offset'!K7 -> 0 | BC6: =BB6*BC$4 -> 0 | BD6: ='Tabel Offset'!L7 -> 0 | BE6: =BD6*BE$4 -> 0 | BF6: =SUM(BA6,BC6,BE6) -> 0 | BG6: =2*1/3*BF$2*BF6 -> 0 | BH6: =BG6+AV6 -> 0 | BJ6: ='Tabel Offset'!$A7 -> AP | BK6: =IF(BJ6="AP",0,IF(BJ6="FP",'Tabel Offset'!$AA$4,BJ6/20*'Tabel Offset'!$AA$4)) -> 0 | BL6: ='Tabel Offset'!L7 -> 0 | BM6: =BL6*BM$4 -> 0 | BN6: ='Tabel Offset'!M7 -> 0 | BO6: =BN6*BO$4 -> 0 | BP6: ='Tabel Offset'!N7 -> 0 | BQ6: =BP6*BQ$4 -> 0 | BR6: =SUM(BM6,BO6,BQ6) -> 0 | BS6: =2*1/3*BR$2*BR6 -> 0 | BT6: =BS6+BH6 -> 0 | BV6: ='Tabel Offset'!$A7 -> AP | BW6: =IF(BV6="AP",0,IF(BV6="FP",'Tabel Offset'!$AA$4,BV6/20*'Tabel Offset'!$AA$4)) -> 0 | BX6: ='Tabel Offset'!N7 -> 0 | BY6: =BX6*BY$4 -> 0 | BZ6: ='Tabel Offset'!O7 -> 0.6606 | CA6: =BZ6*CA$4 -> 2.6424 | CB6: ='Tabel Offset'!P7 -> 1.652 | CC6: =CB6*CC$4 -> 1.652 | CD6: =SUM(BY6,CA6,CC6) -> 4.2944 | CE6: =2*1/3*CD$2*CD6 -> 1.4314667 | CF6: =CE6+BT6 -> 1.4314667 | CH6: ='Tabel Offset'!$A7 -> AP | CI6: =IF(CH6="AP",0,IF(CH6="FP",'Tabel Offset'!$AA$4,CH6/20*'Tabel Offset'!$AA$4)) -> 0 | CJ6: ='Tabel Offset'!P7 -> 1.652 | CK6: =CJ6*CK$4 -> 1.652 | CL6: ='Tabel Offset'!Q7 -> 2.0552 | CM6: =CL6*CM$4 -> 8.2208 | CN6: ='Tabel Offset'!R7 -> 2.442 | CO6: =CN6*CO$4 -> 2.442 | CP6: =SUM(CK6,CM6,CO6) -> 12.3148 | CQ6: =2*1/3*CP$2*CP6 -> 2.0524667 | CR6: =CQ6+CF6 -> 3.4839333 | CT6: ='Tabel Offset'!$A7 -> AP | CU6: =IF(CT6="AP",0,IF(CT6="FP",'Tabel Offset'!$AA$4,CT6/20*'Tabel Offset'!$AA$4)) -> 0 | CV6: ='Tabel Offset'!R7 -> 2.442 | CW6: =CV6*CW$4 -> 2.442 | CX6: ='Tabel Offset'!S7 -> 2.9635 | CY6: =CX6*CY$4 -> 11.854 | CZ6: ='Tabel Offset'!T7 -> 3.4637 | DA6: =CZ6*DA$4 -> 3.4637 | DB6: =SUM(CW6,CY6,DA6) -> 17.7597 | DC6: =2*1/3*DB$2*DB6 -> 4.14393 | DD6: =DC6+CR6 -> 7.6278633 | DF6: ='Tabel Offset'!$A7 -> AP | DG6: =IF(DF6="AP",0,IF(DF6="FP",'Tabel Offset'!$AA$4,DF6/20*'Tabel Offset'!$AA$4)) -> 0 | DH6: ='Tabel Offset'!T7 -> 3.4637 | DI6: =DH6*DI$4 -> 3.4637 | DJ6: ='Tabel Offset'!U7 -> 3.9378 | DK6: =DJ6*DK$4 -> 15.7512 | DL6: ='Tabel Offset'!V7 -> 4.381 | DM6: =DL6*DM$4 -> 4.381 | DN6: =SUM(DI6,DK6,DM6) -> 23.5959 | DO6: =2*1/3*DN$2*DN6 -> 5.50571 | DP6: =DO6+DD6 -> 13.133573 | DR6: ='Tabel Offset'!$A7 -> AP | DS6: =IF(DR6="AP",0,IF(DR6="FP",'Tabel Offset'!$AA$4,DR6/20*'Tabel Offset'!$AA$4)) -> 0 | DT6: ='Tabel Offset'!V7 -> 4.381 | DU6: =DT6*DU$4 -> 4.381 | DV6: 5.0116 | DW6: =DV6*DW$4 -> 20.0464 | DX6: =(EA6-DT$2)/2+DT$2 -> 8.39725 | DY6: 5.211 | DZ6: =DY6*DZ$4 -> 5.211 | EA6: 8.8945 | EB6: =SUM(DU6,DW6,DZ6) -> 29.6384 | EC6: =2*1/3*((EA6-DT$2)/2)*EB6 -> 9.8251296 | ED6: =EC6+DP6 -> 22.958703
B7: ='Tabel Offset'!$A8 -> 0.5 | C7: =IF(B7="AP",0,IF(B7="FP",'Tabel Offset'!$AA$4,B7/20*'Tabel Offset'!$AA$4)) -> 2.37675 | D7: ='Tabel Offset'!B8 -> 0 | E7: =D7*E$4 -> 0 | F7: ='Tabel Offset'!C8 -> 0 | G7: =F7*G$4 -> 0 | H7: ='Tabel Offset'!D8 -> 0 | I7: =H7*I$4 -> 0 | J7: =SUM(E7,G7,I7) -> 0 | K7: =2*1/3*J$2*J7 -> 0 | L7: =K7 -> 0 | N7: ='Tabel Offset'!$A8 -> 0.5 | O7: =IF(N7="AP",0,IF(N7="FP",'Tabel Offset'!$AA$4,N7/20*'Tabel Offset'!$AA$4)) -> 2.37675 | P7: ='Tabel Offset'!D8 -> 0 | Q7: =P7*Q$4 -> 0 | R7: ='Tabel Offset'!E8 -> 0 | S7: =R7*S$4 -> 0 | T7: ='Tabel Offset'!F8 -> 0.126 | U7: =T7*U$4 -> 0.126 | V7: =SUM(Q7,S7,U7) -> 0.126 | W7: =2*1/3*V$2*V7 -> 0.021 | X7: =W7+L7 -> 0.021 | Z7: ='Tabel Offset'!$A8 -> 0.5 | AA7: =IF(Z7="AP",0,IF(Z7="FP",'Tabel Offset'!$AA$4,Z7/20*'Tabel Offset'!$AA$4)) -> 2.37675 | AB7: ='Tabel Offset'!F8 -> 0.126 | AC7: =AB7*AC$4 -> 0.126 | AD7: ='Tabel Offset'!G8 -> 0.408 | AE7: =AD7*AE$4 -> 1.632 | AF7: ='Tabel Offset'!H8 -> 0.579 | AG7: =AF7*AG$4 -> 0.579 | AH7: =SUM(AC7,AE7,AG7) -> 2.337 | AI7: =2*1/3*AH$2*AH7 -> 0.779 | AJ7: =AI7+X7 -> 0.8 | AL7: ='Tabel Offset'!$A8 -> 0.5 | AM7: =IF(AL7="AP",0,IF(AL7="FP",'Tabel Offset'!$AA$4,AL7/20*'Tabel Offset'!$AA$4)) -> 2.37675 | AN7: ='Tabel Offset'!H8 -> 0.579 | AO7: =AN7*AO$4 -> 0.579 | AP7: ='Tabel Offset'!I8 -> 0.726 | AQ7: =AP7*AQ$4 -> 2.904 | AR7: ='Tabel Offset'!J8 -> 0.8416 | AS7: =AR7*AS$4 -> 0.8416 | AT7: =SUM(AO7,AQ7,AS7) -> 4.3246 | AU7: =2*1/3*AT$2*AT7 -> 1.4415333 | AV7: =AU7+AJ7 -> 2.2415333 | AX7: ='Tabel Offset'!$A8 -> 0.5 | AY7: =IF(AX7="AP",0,IF(AX7="FP",'Tabel Offset'!$AA$4,AX7/20*'Tabel Offset'!$AA$4)) -> 2.37675 | AZ7: ='Tabel Offset'!J8 -> 0.8416 | BA7: =AZ7*BA$4 -> 0.8416 | BB7: ='Tabel Offset'!K8 -> 0.9278 | BC7: =BB7*BC$4 -> 3.7112 | BD7: ='Tabel Offset'!L8 -> 1.0852 | BE7: =BD7*BE$4 -> 1.0852 | BF7: =SUM(BA7,BC7,BE7) -> 5.638 | BG7: =2*1/3*BF$2*BF7 -> 1.8793333 | BH7: =BG7+AV7 -> 4.1208667 | BJ7: ='Tabel Offset'!$A8 -> 0.5 | BK7: =IF(BJ7="AP",0,IF(BJ7="FP",'Tabel Offset'!$AA$4,BJ7/20*'Tabel Offset'!$AA$4)) -> 2.37675 | BL7: ='Tabel Offset'!L8 -> 1.0852 | BM7: =BL7*BM$4 -> 1.0852 | BN7: ='Tabel Offset'!M8 -> 1.4456 | BO7: =BN7*BO$4 -> 5.7824 | BP7: ='Tabel Offset'!N8 -> 1.9207 | BQ7: =BP7*BQ$4 -> 1.9207 | BR7: =SUM(BM7,BO7,BQ7) -> 8.7883 | BS7: =2*1/3*BR$2*BR7 -> 2.9294333 | BT7: =BS7+BH7 -> 7.0503 | BV7: ='Tabel Offset'!$A8 -> 0.5 | BW7: =IF(BV7="AP",0,IF(BV7="FP",'Tabel Offset'!$AA$4,BV7/20*'Tabel Offset'!$AA$4)) -> 2.37675 | BX7: ='Tabel Offset'!N8 -> 1.9207 | BY7: =BX7*BY$4 -> 1.9207 | BZ7: ='Tabel Offset'!O8 -> 2.4032 | CA7: =BZ7*CA$4 -> 9.6128 | CB7: ='Tabel Offset'!P8 -> 2.9306 | CC7: =CB7*CC$4 -> 2.9306 | CD7: =SUM(BY7,CA7,CC7) -> 14.4641 | CE7: =2*1/3*CD$2*CD7 -> 4.8213667 | CF7: =CE7+BT7 -> 11.871667 | CH7: ='Tabel Offset'!$A8 -> 0.5 | CI7: =IF(CH7="AP",0,IF(CH7="FP",'Tabel Offset'!$AA$4,CH7/20*'Tabel Offset'!$AA$4)) -> 2.37675 | CJ7: ='Tabel Offset'!P8 -> 2.9306 | CK7: =CJ7*CK$4 -> 2.9306 | CL7: ='Tabel Offset'!Q8 -> 3.2115 | CM7: =CL7*CM$4 -> 12.846 | CN7: ='Tabel Offset'!R8 -> 3.5166 | CO7: =CN7*CO$4 -> 3.5166 | CP7: =SUM(CK7,CM7,CO7) -> 19.2932 | CQ7: =2*1/3*CP$2*CP7 -> 3.2155333 | CR7: =CQ7+CF7 -> 15.0872 | CT7: ='Tabel Offset'!$A8 -> 0.5 | CU7: =IF(CT7="AP",0,IF(CT7="FP",'Tabel Offset'!$AA$4,CT7/20*'Tabel Offset'!$AA$4)) -> 2.37675 | CV7: ='Tabel Offset'!R8 -> 3.5166 | CW7: =CV7*CW$4 -> 3.5166 | CX7: ='Tabel Offset'!S8 -> 3.9625 | CY7: =CX7*CY$4 -> 15.85 | CZ7: ='Tabel Offset'!T8 -> 4.3792 | DA7: =CZ7*DA$4 -> 4.3792 | DB7: =SUM(CW7,CY7,DA7) -> 23.7458 | DC7: =2*1/3*DB$2*DB7 -> 5.5406867 | DD7: =DC7+CR7 -> 20.627887 | DF7: ='Tabel Offset'!$A8 -> 0.5 | DG7: =IF(DF7="AP",0,IF(DF7="FP",'Tabel Offset'!$AA$4,DF7/20*'Tabel Offset'!$AA$4)) -> 2.37675 | DH7: ='Tabel Offset'!T8 -> 4.3792 | DI7: =DH7*DI$4 -> 4.3792 | DJ7: ='Tabel Offset'!U8 -> 4.7765 | DK7: =DJ7*DK$4 -> 19.106 | DL7: ='Tabel Offset'!V8 -> 5.1792 | DM7: =DL7*DM$4 -> 5.1792 | DN7: =SUM(DI7,DK7,DM7) -> 28.6644 | DO7: =2*1/3*DN$2*DN7 -> 6.68836 | DP7: =DO7+DD7 -> 27.316247 | DR7: ='Tabel Offset'!$A8 -> 0.5 | DS7: =IF(DR7="AP",0,IF(DR7="FP",'Tabel Offset'!$AA$4,DR7/20*'Tabel Offset'!$AA$4)) -> 2.37675 | DT7: ='Tabel Offset'!V8 -> 5.1792 | DU7: =DT7*DU$4 -> 5.1792 | DV7: 5.7396 | DW7: =DV7*DW$4 -> 22.9584 | DX7: =(EA7-DT$2)/2+DT$2 -> 8.35375 | DY7: 5.66 | DZ7: =DY7*DZ$4 -> 5.66 | EA7: 8.8075 | EB7: =SUM(DU7,DW7,DZ7) -> 33.7976 | EC7: =2*1/3*((EA7-DT$2)/2)*EB7 -> 10.223774 | ED7: =EC7+DP7 -> 37.540021
B8: ='Tabel Offset'!$A9 -> 1 | C8: =IF(B8="AP",0,IF(B8="FP",'Tabel Offset'!$AA$4,B8/20*'Tabel Offset'!$AA$4)) -> 4.7535 | D8: ='Tabel Offset'!B9 -> 0 | E8: =D8*E$4 -> 0 | F8: ='Tabel Offset'!C9 -> 0.2612 | G8: =F8*G$4 -> 1.0448 | H8: ='Tabel Offset'!D9 -> 0.5213 | I8: =H8*I$4 -> 0.5213 | J8: =SUM(E8,G8,I8) -> 1.5661 | K8: =2*1/3*J$2*J8 -> 0.26101667 | L8: =K8 -> 0.26101667 | N8: ='Tabel Offset'!$A9 -> 1 | O8: =IF(N8="AP",0,IF(N8="FP",'Tabel Offset'!$AA$4,N8/20*'Tabel Offset'!$AA$4)) -> 4.7535 | P8: ='Tabel Offset'!D9 -> 0.5213 | Q8: =P8*Q$4 -> 0.5213 | R8: ='Tabel Offset'!E9 -> 0.7287 | S8: =R8*S$4 -> 2.9148 | T8: ='Tabel Offset'!F9 -> 0.908 | U8: =T8*U$4 -> 0.908 | V8: =SUM(Q8,S8,U8) -> 4.3441 | W8: =2*1/3*V$2*V8 -> 0.72401667 | X8: =W8+L8 -> 0.98503333 | Z8: ='Tabel Offset'!$A9 -> 1 | AA8: =IF(Z8="AP",0,IF(Z8="FP",'Tabel Offset'!$AA$4,Z8/20*'Tabel Offset'!$AA$4)) -> 4.7535 | AB8: ='Tabel Offset'!F9 -> 0.908 | AC8: =AB8*AC$4 -> 0.908 | AD8: ='Tabel Offset'!G9 -> 1.2141 | AE8: =AD8*AE$4 -> 4.8564 | AF8: ='Tabel Offset'!H9 -> 1.4761 | AG8: =AF8*AG$4 -> 1.4761 | AH8: =SUM(AC8,AE8,AG8) -> 7.2405 | AI8: =2*1/3*AH$2*AH8 -> 2.4135 | AJ8: =AI8+X8 -> 3.3985333 | AL8: ='Tabel Offset'!$A9 -> 1 | AM8: =IF(AL8="AP",0,IF(AL8="FP",'Tabel Offset'!$AA$4,AL8/20*'Tabel Offset'!$AA$4)) -> 4.7535 | AN8: ='Tabel Offset'!H9 -> 1.4761 | AO8: =AN8*AO$4 -> 1.4761 | AP8: ='Tabel Offset'!I9 -> 1.7167 | AQ8: =AP8*AQ$4 -> 6.8668 | AR8: ='Tabel Offset'!J8 -> 0.8416 | AS8: =AR8*AS$4 -> 0.8416 | AT8: =SUM(AO8,AQ8,AS8) -> 9.1845 | AU8: =2*1/3*AT$2*AT8 -> 3.0615 | AV8: =AU8+AJ8 -> 6.4600333 | AX8: ='Tabel Offset'!$A9 -> 1 | AY8: =IF(AX8="AP",0,IF(AX8="FP",'Tabel Offset'!$AA$4,AX8/20*'Tabel Offset'!$AA$4)) -> 4.7535 | AZ8: ='Tabel Offset'!J9 -> 1.9563 | BA8: =AZ8*BA$4 -> 1.9563 | BB8: ='Tabel Offset'!K9 -> 2.2093 | BC8: =BB8*BC$4 -> 8.8372 | BD8: ='Tabel Offset'!L9 -> 2.4785 | BE8: =BD8*BE$4 -> 2.4785 | BF8: =SUM(BA8,BC8,BE8) -> 13.272 | BG8: =2*1/3*BF$2*BF8 -> 4.424 | BH8: =BG8+AV8 -> 10.884033 | BJ8: ='Tabel Offset'!$A9 -> 1 | BK8: =IF(BJ8="AP",0,IF(BJ8="FP",'Tabel Offset'!$AA$4,BJ8/20*'Tabel Offset'!$AA$4)) -> 4.7535 | BL8: ='Tabel Offset'!L9 -> 2.4785 | BM8: =BL8*BM$4 -> 2.4785 | BN8: ='Tabel Offset'!M9 -> 2.7705 | BO8: =BN8*BO$4 -> 11.082 | BP8: ='Tabel Offset'!N9 -> 3.1349 | BQ8: =BP8*BQ$4 -> 3.1349 | BR8: =SUM(BM8,BO8,BQ8) -> 16.6954 | BS8: =2*1/3*BR$2*BR8 -> 5.5651333 | BT8: =BS8+BH8 -> 16.449167 | BV8: ='Tabel Offset'!$A9 -> 1 | BW8: =IF(BV8="AP",0,IF(BV8="FP",'Tabel Offset'!$AA$4,BV8/20*'Tabel Offset'!$AA$4)) -> 4.7535 | BX8: ='Tabel Offset'!N9 -> 3.1349 | BY8: =BX8*BY$4 -> 3.1349 | BZ8: ='Tabel Offset'!O9 -> 3.5859 | CA8: =BZ8*CA$4 -> 14.3436 | CB8: ='Tabel Offset'!P9 -> 4.0891 | CC8: =CB8*CC$4 -> 4.0891 | CD8: =SUM(BY8,CA8,CC8) -> 21.5676 | CE8: =2*1/3*CD$2*CD8 -> 7.1892 | CF8: =CE8+BT8 -> 23.638367 | CH8: ='Tabel Offset'!$A9 -> 1 | CI8: =IF(CH8="AP",0,IF(CH8="FP",'Tabel Offset'!$AA$4,CH8/20*'Tabel Offset'!$AA$4)) -> 4.7535 | CJ8: ='Tabel Offset'!P9 -> 4.0891 | CK8: =CJ8*CK$4 -> 4.0891 | CL8: ='Tabel Offset'!Q9 -> 4.3596 | CM8: =CL8*CM$4 -> 17.4384 | CN8: ='Tabel Offset'!R9 -> 4.6355 | CO8: =CN8*CO$4 -> 4.6355 | CP8: =SUM(CK8,CM8,CO8) -> 26.163 | CQ8: =2*1/3*CP$2*CP8 -> 4.3605 | CR8: =CQ8+CF8 -> 27.998867 | CT8: ='Tabel Offset'!$A9 -> 1 | CU8: =IF(CT8="AP",0,IF(CT8="FP",'Tabel Offset'!$AA$4,CT8/20*'Tabel Offset'!$AA$4)) -> 4.7535 | CV8: ='Tabel Offset'!R9 -> 4.6355 | CW8: =CV8*CW$4 -> 4.6355 | CX8: ='Tabel Offset'!S9 -> 5.0395 | CY8: =CX8*CY$4 -> 20.158 | CZ8: ='Tabel Offset'!T9 -> 5.4706 | DA8: =CZ8*DA$4 -> 5.4706 | DB8: =SUM(CW8,CY8,DA8) -> 30.2641 | DC8: =2*1/3*DB$2*DB8 -> 7.0616233 | DD8: =DC8+CR8 -> 35.06049 | DF8: ='Tabel Offset'!$A9 -> 1 | DG8: =IF(DF8="AP",0,IF(DF8="FP",'Tabel Offset'!$AA$4,DF8/20*'Tabel Offset'!$AA$4)) -> 4.7535 | DH8: ='Tabel Offset'!T9 -> 5.4706 | DI8: =DH8*DI$4 -> 5.4706 | DJ8: ='Tabel Offset'!U9 -> 5.8748 | DK8: =DJ8*DK$4 -> 23.4992 | DL8: ='Tabel Offset'!V9 -> 6.207 | DM8: =DL8*DM$4 -> 6.207 | DN8: =SUM(DI8,DK8,DM8) -> 35.1768 | DO8: =2*1/3*DN$2*DN8 -> 8.20792 | DP8: =DO8+DD8 -> 43.26841 | DR8: ='Tabel Offset'!$A9 -> 1 | DS8: =IF(DR8="AP",0,IF(DR8="FP",'Tabel Offset'!$AA$4,DR8/20*'Tabel Offset'!$AA$4)) -> 4.7535 | DT8: ='Tabel Offset'!V9 -> 6.207 | DU8: =DT8*DU$4 -> 6.207 | DV8: 6.5424 | DW8: =DV8*DW$4 -> 26.1696 | DX8: =(EA8-DT$2)/2+DT$2 -> 8.31045 | DY8: 5.64 | DZ8: =DY8*DZ$4 -> 5.64 | EA8: 8.7209 | EB8: =SUM(DU8,DW8,DZ8) -> 38.0166 | EC8: =2*1/3*((EA8-DT$2)/2)*EB8 -> 10.402609 | ED8: =EC8+DP8 -> 53.671019
B9: ='Tabel Offset'!$A10 -> 1.5 | C9: =IF(B9="AP",0,IF(B9="FP",'Tabel Offset'!$AA$4,B9/20*'Tabel Offset'!$AA$4)) -> 7.13025 | D9: ='Tabel Offset'!B10 -> 0.018 | E9: =D9*E$4 -> 0.018 | F9: ='Tabel Offset'!C10 -> 0.6839 | G9: =F9*G$4 -> 2.7356 | H9: ='Tabel Offset'!D10 -> 1.0291 | I9: =H9*I$4 -> 1.0291 | J9: =SUM(E9,G9,I9) -> 3.7827 | K9: =2*1/3*J$2*J9 -> 0.63045 | L9: =K9 -> 0.63045 | N9: ='Tabel Offset'!$A10 -> 1.5 | O9: =IF(N9="AP",0,IF(N9="FP",'Tabel Offset'!$AA$4,N9/20*'Tabel Offset'!$AA$4)) -> 7.13025 | P9: ='Tabel Offset'!D10 -> 1.0291 | Q9: =P9*Q$4 -> 1.0291 | R9: ='Tabel Offset'!E10 -> 1.2899 | S9: =R9*S$4 -> 5.1596 | T9: ='Tabel Offset'!F10 -> 1.5044 | U9: =T9*U$4 -> 1.5044 | V9: =SUM(Q9,S9,U9) -> 7.6931 | W9: =2*1/3*V$2*V9 -> 1.2821833 | X9: =W9+L9 -> 1.9126333 | Z9: ='Tabel Offset'!$A10 -> 1.5 | AA9: =IF(Z9="AP",0,IF(Z9="FP",'Tabel Offset'!$AA$4,Z9/20*'Tabel Offset'!$AA$4)) -> 7.13025 | AB9: ='Tabel Offset'!F10 -> 1.5044 | AC9: =AB9*AC$4 -> 1.5044 | AD9: ='Tabel Offset'!G10 -> 1.859 | AE9: =AD9*AE$4 -> 7.436 | AF9: ='Tabel Offset'!H10 -> 2.1913 | AG9: =AF9*AG$4 -> 2.1913 | AH9: =SUM(AC9,AE9,AG9) -> 11.1317 | AI9: =2*1/3*AH$2*AH9 -> 3.7105667 | AJ9: =AI9+X9 -> 5.6232 | AL9: ='Tabel Offset'!$A10 -> 1.5 | AM9: =IF(AL9="AP",0,IF(AL9="FP",'Tabel Offset'!$AA$4,AL9/20*'Tabel Offset'!$AA$4)) -> 7.13025 | AN9: ='Tabel Offset'!H10 -> 2.1913 | AO9: =AN9*AO$4 -> 2.1913 | AP9: ='Tabel Offset'!I10 -> 2.5159 | AQ9: =AP9*AQ$4 -> 10.0636 | AR9: ='Tabel Offset'!J9 -> 1.9563 | AS9: =AR9*AS$4 -> 1.9563 | AT9: =SUM(AO9,AQ9,AS9) -> 14.2112 | AU9: =2*1/3*AT$2*AT9 -> 4.7370667 | AV9: =AU9+AJ9 -> 10.360267 | AX9: ='Tabel Offset'!$A10 -> 1.5 | AY9: =IF(AX9="AP",0,IF(AX9="FP",'Tabel Offset'!$AA$4,AX9/20*'Tabel Offset'!$AA$4)) -> 7.13025 | AZ9: ='Tabel Offset'!J10 -> 2.8159 | BA9: =AZ9*BA$4 -> 2.8159 | BB9: ='Tabel Offset'!K10 -> 3.1036 | BC9: =BB9*BC$4 -> 12.4144 | BD9: ='Tabel Offset'!L10 -> 3.4388 | BE9: =BD9*BE$4 -> 3.4388 | BF9: =SUM(BA9,BC9,BE9) -> 18.6691 | BG9: =2*1/3*BF$2*BF9 -> 6.2230333 | BH9: =BG9+AV9 -> 16.5833 | BJ9: ='Tabel Offset'!$A10 -> 1.5 | BK9: =IF(BJ9="AP",0,IF(BJ9="FP",'Tabel Offset'!$AA$4,BJ9/20*'Tabel Offset'!$AA$4)) -> 7.13025 | BL9: ='Tabel Offset'!L10 -> 3.4388 | BM9: =BL9*BM$4 -> 3.4388 | BN9: ='Tabel Offset'!M10 -> 3.8023 | BO9: =BN9*BO$4 -> 15.2092 | BP9: ='Tabel Offset'!N10 -> 4.2317 | BQ9: =BP9*BQ$4 -> 4.2317 | BR9: =SUM(BM9,BO9,BQ9) -> 22.8797 | BS9: =2*1/3*BR$2*BR9 -> 7.6265667 | BT9: =BS9+BH9 -> 24.209867 | BV9: ='Tabel Offset'!$A10 -> 1.5 | BW9: =IF(BV9="AP",0,IF(BV9="FP",'Tabel Offset'!$AA$4,BV9/20*'Tabel Offset'!$AA$4)) -> 7.13025 | BX9: ='Tabel Offset'!N10 -> 4.2317 | BY9: =BX9*BY$4 -> 4.2317 | BZ9: ='Tabel Offset'!O10 -> 4.725 | CA9: =BZ9*CA$4 -> 18.9 | CB9: ='Tabel Offset'!P10 -> 5.2425 | CC9: =CB9*CC$4 -> 5.2425 | CD9: =SUM(BY9,CA9,CC9) -> 28.3742 | CE9: =2*1/3*CD$2*CD9 -> 9.4580667 | CF9: =CE9+BT9 -> 33.667933 | CH9: ='Tabel Offset'!$A10 -> 1.5 | CI9: =IF(CH9="AP",0,IF(CH9="FP",'Tabel Offset'!$AA$4,CH9/20*'Tabel Offset'!$AA$4)) -> 7.13025 | CJ9: ='Tabel Offset'!P10 -> 5.2425 | CK9: =CJ9*CK$4 -> 5.2425 | CL9: ='Tabel Offset'!Q10 -> 5.5101 | CM9: =CL9*CM$4 -> 22.0404 | CN9: ='Tabel Offset'!R10 -> 5.788 | CO9: =CN9*CO$4 -> 5.788 | CP9: =SUM(CK9,CM9,CO9) -> 33.0709 | CQ9: =2*1/3*CP$2*CP9 -> 5.5118167 | CR9: =CQ9+CF9 -> 39.17975 | CT9: ='Tabel Offset'!$A10 -> 1.5 | CU9: =IF(CT9="AP",0,IF(CT9="FP",'Tabel Offset'!$AA$4,CT9/20*'Tabel Offset'!$AA$4)) -> 7.13025 | CV9: ='Tabel Offset'!R10 -> 5.788 | CW9: =CV9*CW$4 -> 5.788 | CX9: ='Tabel Offset'!S10 -> 8.141 | CY9: =CX9*CY$4 -> 32.564 | CZ9: ='Tabel Offset'!T10 -> 6.4225 | DA9: =CZ9*DA$4 -> 6.4225 | DB9: =SUM(CW9,CY9,DA9) -> 44.7745 | DC9: =2*1/3*DB$2*DB9 -> 10.447383 | DD9: =DC9+CR9 -> 49.627133 | DF9: ='Tabel Offset'!$A10 -> 1.5 | DG9: =IF(DF9="AP",0,IF(DF9="FP",'Tabel Offset'!$AA$4,DF9/20*'Tabel Offset'!$AA$4)) -> 7.13025 | DH9: ='Tabel Offset'!T10 -> 6.4225 | DI9: =DH9*DI$4 -> 6.4225 | DJ9: ='Tabel Offset'!U10 -> 6.654 | DK9: =DJ9*DK$4 -> 26.616 | DL9: ='Tabel Offset'!V10 -> 6.8489 | DM9: =DL9*DM$4 -> 6.8489 | DN9: =SUM(DI9,DK9,DM9) -> 39.8874 | DO9: =2*1/3*DN$2*DN9 -> 9.30706 | DP9: =DO9+DD9 -> 58.934193 | DR9: ='Tabel Offset'!$A10 -> 1.5 | DS9: =IF(DR9="AP",0,IF(DR9="FP",'Tabel Offset'!$AA$4,DR9/20*'Tabel Offset'!$AA$4)) -> 7.13025 | DT9: ='Tabel Offset'!V10 -> 6.8489 | DU9: =DT9*DU$4 -> 6.8489 | DV9: 7.0375 | DW9: =DV9*DW$4 -> 28.15 | DX9: =(EA9-DT$2)/2+DT$2 -> 8.26695 | DY9: 6.015 | DZ9: =DY9*DZ$4 -> 6.015 | EA9: 8.6339 | EB9: =SUM(DU9,DW9,DZ9) -> 41.0139 | EC9: =2*1/3*((EA9-DT$2)/2)*EB9 -> 10.033367 | ED9: =EC9+DP9 -> 68.96756
B10: ='Tabel Offset'!$A11 -> 2 | C10: =IF(B10="AP",0,IF(B10="FP",'Tabel Offset'!$AA$4,B10/20*'Tabel Offset'!$AA$4)) -> 9.507 | D10: ='Tabel Offset'!B11 -> 0.076 | E10: =D10*E$4 -> 0.076 | F10: ='Tabel Offset'!C11 -> 1.0672 | G10: =F10*G$4 -> 4.2688 | H10: ='Tabel Offset'!D11 -> 1.521 | I10: =H10*I$4 -> 1.521 | J10: =SUM(E10,G10,I10) -> 5.8658 | K10: =2*1/3*J$2*J10 -> 0.97763333 | L10: =K10 -> 0.97763333 | N10: ='Tabel Offset'!$A11 -> 2 | O10: =IF(N10="AP",0,IF(N10="FP",'Tabel Offset'!$AA$4,N10/20*'Tabel Offset'!$AA$4)) -> 9.507 | P10: ='Tabel Offset'!D11 -> 1.521 | Q10: =P10*Q$4 -> 1.521 | R10: ='Tabel Offset'!E11 -> 1.8553 | S10: =R10*S$4 -> 7.4212 | T10: ='Tabel Offset'!F11 -> 2.1235 | U10: =T10*U$4 -> 2.1235 | V10: =SUM(Q10,S10,U10) -> 11.0657 | W10: =2*1/3*V$2*V10 -> 1.8442833 | X10: =W10+L10 -> 2.8219167 | Z10: ='Tabel Offset'!$A11 -> 2 | AA10: =IF(Z10="AP",0,IF(Z10="FP",'Tabel Offset'!$AA$4,Z10/20*'Tabel Offset'!$AA$4)) -> 9.507 | AB10: ='Tabel Offset'!F11 -> 2.1235 | AC10: =AB10*AC$4 -> 2.1235 | AD10: ='Tabel Offset'!G11 -> 2.609 | AE10: =AD10*AE$4 -> 10.436 | AF10: ='Tabel Offset'!H11 -> 3.0713 | AG10: =AF10*AG$4 -> 3.0713 | AH10: =SUM(AC10,AE10,AG10) -> 15.6308 | AI10: =2*1/3*AH$2*AH10 -> 5.2102667 | AJ10: =AI10+X10 -> 8.0321833 | AL10: ='Tabel Offset'!$A11 -> 2 | AM10: =IF(AL10="AP",0,IF(AL10="FP",'Tabel Offset'!$AA$4,AL10/20*'Tabel Offset'!$AA$4)) -> 9.507 | AN10: ='Tabel Offset'!H11 -> 3.0713 | AO10: =AN10*AO$4 -> 3.0713 | AP10: ='Tabel Offset'!I11 -> 3.4531 | AQ10: =AP10*AQ$4 -> 13.8124 | AR10: ='Tabel Offset'!J10 -> 2.8159 | AS10: =AR10*AS$4 -> 2.8159 | AT10: =SUM(AO10,AQ10,AS10) -> 19.6996 | AU10: =2*1/3*AT$2*AT10 -> 6.5665333 | AV10: =AU10+AJ10 -> 14.598717 | AX10: ='Tabel Offset'!$A11 -> 2 | AY10: =IF(AX10="AP",0,IF(AX10="FP",'Tabel Offset'!$AA$4,AX10/20*'Tabel Offset'!$AA$4)) -> 9.507 | AZ10: ='Tabel Offset'!J11 -> 3.7939 | BA10: =AZ10*BA$4 -> 3.7939 | BB10: ='Tabel Offset'!K11 -> 4.132 | BC10: =BB10*BC$4 -> 16.528 | BD10: ='Tabel Offset'!L11 -> 4.4604 | BE10: =BD10*BE$4 -> 4.4604 | BF10: =SUM(BA10,BC10,BE10) -> 24.7823 | BG10: =2*1/3*BF$2*BF10 -> 8.2607667 | BH10: =BG10+AV10 -> 22.859483 | BJ10: ='Tabel Offset'!$A11 -> 2 | BK10: =IF(BJ10="AP",0,IF(BJ10="FP",'Tabel Offset'!$AA$4,BJ10/20*'Tabel Offset'!$AA$4)) -> 9.507 | BL10: ='Tabel Offset'!L11 -> 4.4604 | BM10: =BL10*BM$4 -> 4.4604 | BN10: ='Tabel Offset'!M11 -> 4.8564 | BO10: =BN10*BO$4 -> 19.4256 | BP10: ='Tabel Offset'!N11 -> 5.2958 | BQ10: =BP10*BQ$4 -> 5.2958 | BR10: =SUM(BM10,BO10,BQ10) -> 29.1818 | BS10: =2*1/3*BR$2*BR10 -> 9.7272667 | BT10: =BS10+BH10 -> 32.58675 | BV10: ='Tabel Offset'!$A11 -> 2 | BW10: =IF(BV10="AP",0,IF(BV10="FP",'Tabel Offset'!$AA$4,BV10/20*'Tabel Offset'!$AA$4)) -> 9.507 | BX10: ='Tabel Offset'!N11 -> 5.2958 | BY10: =BX10*BY$4 -> 5.2958 | BZ10: ='Tabel Offset'!O11 -> 5.75 | CA10: =BZ10*CA$4 -> 23 | CB10: ='Tabel Offset'!P11 -> 6.2245 | CC10: =CB10*CC$4 -> 6.2245 | CD10: =SUM(BY10,CA10,CC10) -> 34.5203 | CE10: =2*1/3*CD$2*CD10 -> 11.506767 | CF10: =CE10+BT10 -> 44.093517 | CH10: ='Tabel Offset'!$A11 -> 2 | CI10: =IF(CH10="AP",0,IF(CH10="FP",'Tabel Offset'!$AA$4,CH10/20*'Tabel Offset'!$AA$4)) -> 9.507 | CJ10: ='Tabel Offset'!P11 -> 6.2245 | CK10: =CJ10*CK$4 -> 6.2245 | CL10: ='Tabel Offset'!Q11 -> 6.444 | CM10: =CL10*CM$4 -> 25.776 | CN10: ='Tabel Offset'!R11 -> 6.6256 | CO10: =CN10*CO$4 -> 6.6256 | CP10: =SUM(CK10,CM10,CO10) -> 38.6261 | CQ10: =2*1/3*CP$2*CP10 -> 6.4376833 | CR10: =CQ10+CF10 -> 50.5312 | CT10: ='Tabel Offset'!$A11 -> 2 | CU10: =IF(CT10="AP",0,IF(CT10="FP",'Tabel Offset'!$AA$4,CT10/20*'Tabel Offset'!$AA$4)) -> 9.507 | CV10: ='Tabel Offset'!R11 -> 6.6256 | CW10: =CV10*CW$4 -> 6.6256 | CX10: ='Tabel Offset'!S11 -> 6.8285 | CY10: =CX10*CY$4 -> 27.314 | CZ10: ='Tabel Offset'!T11 -> 6.9941 | DA10: =CZ10*DA$4 -> 6.9941 | DB10: =SUM(CW10,CY10,DA10) -> 40.9337 | DC10: =2*1/3*DB$2*DB10 -> 9.5511967 | DD10: =DC10+CR10 -> 60.082397 | DF10: ='Tabel Offset'!$A11 -> 2 | DG10: =IF(DF10="AP",0,IF(DF10="FP",'Tabel Offset'!$AA$4,DF10/20*'Tabel Offset'!$AA$4)) -> 9.507 | DH10: ='Tabel Offset'!T11 -> 6.9941 | DI10: =DH10*DI$4 -> 6.9941 | DJ10: ='Tabel Offset'!U11 -> 7.1372 | DK10: =DJ10*DK$4 -> 28.5488 | DL10: ='Tabel Offset'!V11 -> 7.2625 | DM10: =DL10*DM$4 -> 7.2625 | DN10: =SUM(DI10,DK10,DM10) -> 42.8054 | DO10: =2*1/3*DN$2*DN10 -> 9.9879267 | DP10: =DO10+DD10 -> 70.070323 | DR10: ='Tabel Offset'!$A11 -> 2 | DS10: =IF(DR10="AP",0,IF(DR10="FP",'Tabel Offset'!$AA$4,DR10/20*'Tabel Offset'!$AA$4)) -> 9.507 | DT10: ='Tabel Offset'!V11 -> 7.2625 | DU10: =DT10*DU$4 -> 7.2625 | DV10: 7.3722 | DW10: =DV10*DW$4 -> 29.4888 | DX10: =(EA10-DT$2)/2+DT$2 -> 8.22295 | DY10: 6.352 | DZ10: =DY10*DZ$4 -> 6.352 | EA10: 8.5459 | EB10: =SUM(DU10,DW10,DZ10) -> 43.1033 | EC10: =2*1/3*((EA10-DT$2)/2)*EB10 -> 9.2801405 | ED10: =EC10+DP10 -> 79.350464
B11: ='Tabel Offset'!$A12 -> 3 | C11: =IF(B11="AP",0,IF(B11="FP",'Tabel Offset'!$AA$4,B11/20*'Tabel Offset'!$AA$4)) -> 14.2605 | D11: ='Tabel Offset'!B12 -> 0.241 | E11: =D11*E$4 -> 0.241 | F11: ='Tabel Offset'!C12 -> 2.3513 | G11: =F11*G$4 -> 9.4052 | H11: ='Tabel Offset'!D12 -> 3.0826 | I11: =H11*I$4 -> 3.0826 | J11: =SUM(E11,G11,I11) -> 12.7288 | K11: =2*1/3*J$2*J11 -> 2.1214667 | L11: =K11 -> 2.1214667 | N11: ='Tabel Offset'!$A12 -> 3 | O11: =IF(N11="AP",0,IF(N11="FP",'Tabel Offset'!$AA$4,N11/20*'Tabel Offset'!$AA$4)) -> 14.2605 | P11: ='Tabel Offset'!D11 -> 1.521 | Q11: =P11*Q$4 -> 1.521 | R11: ='Tabel Offset'!E12 -> 3.5334 | S11: =R11*S$4 -> 14.1336 | T11: ='Tabel Offset'!F12 -> 3.9111 | U11: =T11*U$4 -> 3.9111 | V11: =SUM(Q11,S11,U11) -> 19.5657 | W11: =2*1/3*V$2*V11 -> 3.26095 | X11: =W11+L11 -> 5.3824167 | Z11: ='Tabel Offset'!$A12 -> 3 | AA11: =IF(Z11="AP",0,IF(Z11="FP",'Tabel Offset'!$AA$4,Z11/20*'Tabel Offset'!$AA$4)) -> 14.2605 | AB11: ='Tabel Offset'!F12 -> 3.9111 | AC11: =AB11*AC$4 -> 3.9111 | AD11: ='Tabel Offset'!G12 -> 4.5731 | AE11: =AD11*AE$4 -> 18.2924 | AF11: ='Tabel Offset'!H12 -> 5.0314 | AG11: =AF11*AG$4 -> 5.0314 | AH11: =SUM(AC11,AE11,AG11) -> 27.2349 | AI11: =2*1/3*AH$2*AH11 -> 9.0783 | AJ11: =AI11+X11 -> 14.460717 | AL11: ='Tabel Offset'!$A12 -> 3 | AM11: =IF(AL11="AP",0,IF(AL11="FP",'Tabel Offset'!$AA$4,AL11/20*'Tabel Offset'!$AA$4)) -> 14.2605 | AN11: ='Tabel Offset'!H12 -> 5.0314 | AO11: =AN11*AO$4 -> 5.0314 | AP11: ='Tabel Offset'!I12 -> 5.4565 | AQ11: =AP11*AQ$4 -> 21.826 | AR11: ='Tabel Offset'!J11 -> 3.7939 | AS11: =AR11*AS$4 -> 3.7939 | AT11: =SUM(AO11,AQ11,AS11) -> 30.6513 | AU11: =2*1/3*AT$2*AT11 -> 10.2171 | AV11: =AU11+AJ11 -> 24.677817 | AX11: ='Tabel Offset'!$A12 -> 3 | AY11: =IF(AX11="AP",0,IF(AX11="FP",'Tabel Offset'!$AA$4,AX11/20*'Tabel Offset'!$AA$4)) -> 14.2605 | AZ11: ='Tabel Offset'!J12 -> 5.8073 | BA11: =AZ11*BA$4 -> 5.8073 | BB11: ='Tabel Offset'!K12 -> 6.1227 | BC11: =BB11*BC$4 -> 24.4908 | BD11: ='Tabel Offset'!L12 -> 6.4538 | BE11: =BD11*BE$4 -> 6.4538 | BF11: =SUM(BA11,BC11,BE11) -> 36.7519 | BG11: =2*1/3*BF$2*BF11 -> 12.250633 | BH11: =BG11+AV11 -> 36.92845 | BJ11: ='Tabel Offset'!$A12 -> 3 | BK11: =IF(BJ11="AP",0,IF(BJ11="FP",'Tabel Offset'!$AA$4,BJ11/20*'Tabel Offset'!$AA$4)) -> 14.2605 | BL11: ='Tabel Offset'!L12 -> 6.4538 | BM11: =BL11*BM$4 -> 6.4538 | BN11: ='Tabel Offset'!M12 -> 6.7876 | BO11: =BN11*BO$4 -> 27.1504 | BP11: ='Tabel Offset'!N12 -> 7.1274 | BQ11: =BP11*BQ$4 -> 7.1274 | BR11: =SUM(BM11,BO11,BQ11) -> 40.7316 | BS11: =2*1/3*BR$2*BR11 -> 13.5772 | BT11: =BS11+BH11 -> 50.50565 | BV11: ='Tabel Offset'!$A12 -> 3 | BW11: =IF(BV11="AP",0,IF(BV11="FP",'Tabel Offset'!$AA$4,BV11/20*'Tabel Offset'!$AA$4)) -> 14.2605 | BX11: ='Tabel Offset'!N12 -> 7.1274 | BY11: =BX11*BY$4 -> 7.1274 | BZ11: ='Tabel Offset'!O12 -> 7.3618 | CA11: =BZ11*CA$4 -> 29.4472 | CB11: ='Tabel Offset'!P12 -> 7.5007 | CC11: =CB11*CC$4 -> 7.5007 | CD11: =SUM(BY11,CA11,CC11) -> 44.0753 | CE11: =2*1/3*CD$2*CD11 -> 14.691767 | CF11: =CE11+BT11 -> 65.197417 | CH11: ='Tabel Offset'!$A12 -> 3 | CI11: =IF(CH11="AP",0,IF(CH11="FP",'Tabel Offset'!$AA$4,CH11/20*'Tabel Offset'!$AA$4)) -> 14.2605 | CJ11: ='Tabel Offset'!P12 -> 7.5007 | CK11: =CJ11*CK$4 -> 7.5007 | CL11: ='Tabel Offset'!Q12 -> 7.5528 | CM11: =CL11*CM$4 -> 30.2112 | CN11: ='Tabel Offset'!R12 -> 7.5999 | CO11: =CN11*CO$4 -> 7.5999 | CP11: =SUM(CK11,CM11,CO11) -> 45.3118 | CQ11: =2*1/3*CP$2*CP11 -> 7.5519667 | CR11: =CQ11+CF11 -> 72.749383 | CT11: ='Tabel Offset'!$A12 -> 3 | CU11: =IF(CT11="AP",0,IF(CT11="FP",'Tabel Offset'!$AA$4,CT11/20*'Tabel Offset'!$AA$4)) -> 14.2605 | CV11: ='Tabel Offset'!R12 -> 7.5999 | CW11: =CV11*CW$4 -> 7.5999 | CX11: ='Tabel Offset'!S12 -> 7.6603 | CY11: =CX11*CY$4 -> 30.6412 | CZ11: ='Tabel Offset'!T12 -> 7.7147 | DA11: =CZ11*DA$4 -> 7.7147 | DB11: =SUM(CW11,CY11,DA11) -> 45.9558 | DC11: =2*1/3*DB$2*DB11 -> 10.72302 | DD11: =DC11+CR11 -> 83.472403 | DF11: ='Tabel Offset'!$A12 -> 3 | DG11: =IF(DF11="AP",0,IF(DF11="FP",'Tabel Offset'!$AA$4,DF11/20*'Tabel Offset'!$AA$4)) -> 14.2605 | DH11: ='Tabel Offset'!T12 -> 7.7147 | DI11: =DH11*DI$4 -> 7.7147 | DJ11: ='Tabel Offset'!U12 -> 7.7634 | DK11: =DJ11*DK$4 -> 31.0536 | DL11: ='Tabel Offset'!V12 -> 7.8069 | DM11: =DL11*DM$4 -> 7.8069 | DN11: =SUM(DI11,DK11,DM11) -> 46.5752 | DO11: =2*1/3*DN$2*DN11 -> 10.867547 | DP11: =DO11+DD11 -> 94.33995 | DR11: ='Tabel Offset'!$A12 -> 3 | DS11: =IF(DR11="AP",0,IF(DR11="FP",'Tabel Offset'!$AA$4,DR11/20*'Tabel Offset'!$AA$4)) -> 14.2605 | DT11: ='Tabel Offset'!V12 -> 7.8069 | DU11: =DT11*DU$4 -> 7.8069 | DV11: 7.835 | DW11: =DV11*DW$4 -> 31.34 | DX11: =(EA11-DT$2)/2+DT$2 -> 8.1423 | DY11: 6.812 | DZ11: =DY11*DZ$4 -> 6.812 | EA11: 8.3846 | EB11: =SUM(DU11,DW11,DZ11) -> 45.9589 | EC11: =2*1/3*((EA11-DT$2)/2)*EB11 -> 7.4238943 | ED11: =EC11+DP11 -> 101.76384
B12: ='Tabel Offset'!$A13 -> 4 | C12: =IF(B12="AP",0,IF(B12="FP",'Tabel Offset'!$AA$4,B12/20*'Tabel Offset'!$AA$4)) -> 19.014 | D12: ='Tabel Offset'!B13 -> 0.53 | E12: =D12*E$4 -> 0.53 | F12: ='Tabel Offset'!C13 -> 4.538 | G12: =F12*G$4 -> 18.152 | H12: ='Tabel Offset'!D13 -> 5.2295 | I12: =H12*I$4 -> 5.2295 | J12: =SUM(E12,G12,I12) -> 23.9115 | K12: =2*1/3*J$2*J12 -> 3.98525 | L12: =K12 -> 3.98525 | N12: ='Tabel Offset'!$A13 -> 4 | O12: =IF(N12="AP",0,IF(N12="FP",'Tabel Offset'!$AA$4,N12/20*'Tabel Offset'!$AA$4)) -> 19.014 | P12: ='Tabel Offset'!D13 -> 5.2295 | Q12: =P12*Q$4 -> 5.2295 | R12: ='Tabel Offset'!E13 -> 5.6176 | S12: =R12*S$4 -> 22.4704 | T12: ='Tabel Offset'!F13 -> 5.942 | U12: =T12*U$4 -> 5.942 | V12: =SUM(Q12,S12,U12) -> 33.6419 | W12: =2*1/3*V$2*V12 -> 5.6069833 | X12: =W12+L12 -> 9.5922333 | Z12: ='Tabel Offset'!$A13 -> 4 | AA12: =IF(Z12="AP",0,IF(Z12="FP",'Tabel Offset'!$AA$4,Z12/20*'Tabel Offset'!$AA$4)) -> 19.014 | AB12: ='Tabel Offset'!F13 -> 5.942 | AC12: =AB12*AC$4 -> 5.942 | AD12: ='Tabel Offset'!G13 -> 6.4107 | AE12: =AD12*AE$4 -> 25.6428 | AF12: ='Tabel Offset'!H13 -> 6.8182 | AG12: =AF12*AG$4 -> 6.8182 | AH12: =SUM(AC12,AE12,AG12) -> 38.403 | AI12: =2*1/3*AH$2*AH12 -> 12.801 | AJ12: =AI12+X12 -> 22.393233 | AL12: ='Tabel Offset'!$A13 -> 4 | AM12: =IF(AL12="AP",0,IF(AL12="FP",'Tabel Offset'!$AA$4,AL12/20*'Tabel Offset'!$AA$4)) -> 19.014 | AN12: ='Tabel Offset'!H13 -> 6.8182 | AO12: =AN12*AO$4 -> 6.8182 | AP12: ='Tabel Offset'!I13 -> 7.1653 | AQ12: =AP12*AQ$4 -> 28.6612 | AR12: ='Tabel Offset'!J12 -> 5.8073 | AS12: =AR12*AS$4 -> 5.8073 | AT12: =SUM(AO12,AQ12,AS12) -> 41.2867 | AU12: =2*1/3*AT$2*AT12 -> 13.762233 | AV12: =AU12+AJ12 -> 36.155467 | AX12: ='Tabel Offset'!$A13 -> 4 | AY12: =IF(AX12="AP",0,IF(AX12="FP",'Tabel Offset'!$AA$4,AX12/20*'Tabel Offset'!$AA$4)) -> 19.014 | AZ12: ='Tabel Offset'!J13 -> 7.4387 | BA12: =AZ12*BA$4 -> 7.4387 | BB12: ='Tabel Offset'!K13 -> 7.645 | BC12: =BB12*BC$4 -> 30.58 | BD12: ='Tabel Offset'!L13 -> 7.7888 | BE12: =BD12*BE$4 -> 7.7888 | BF12: =SUM(BA12,BC12,BE12) -> 45.8075 | BG12: =2*1/3*BF$2*BF12 -> 15.269167 | BH12: =BG12+AV12 -> 51.424633 | BJ12: ='Tabel Offset'!$A13 -> 4 | BK12: =IF(BJ12="AP",0,IF(BJ12="FP",'Tabel Offset'!$AA$4,BJ12/20*'Tabel Offset'!$AA$4)) -> 19.014 | BL12: ='Tabel Offset'!L13 -> 7.7888 | BM12: =BL12*BM$4 -> 7.7888 | BN12: ='Tabel Offset'!M13 -> 7.8757 | BO12: =BN12*BO$4 -> 31.5028 | BP12: ='Tabel Offset'!N13 -> 7.9269 | BQ12: =BP12*BQ$4 -> 7.9269 | BR12: =SUM(BM12,BO12,BQ12) -> 47.2185 | BS12: =2*1/3*BR$2*BR12 -> 15.7395 | BT12: =BS12+BH12 -> 67.164133 | BV12: ='Tabel Offset'!$A13 -> 4 | BW12: =IF(BV12="AP",0,IF(BV12="FP",'Tabel Offset'!$AA$4,BV12/20*'Tabel Offset'!$AA$4)) -> 19.014 | BX12: ='Tabel Offset'!N13 -> 7.9269 | BY12: =BX12*BY$4 -> 7.9269 | BZ12: ='Tabel Offset'!O13 -> 7.9618 | CA12: =BZ12*CA$4 -> 31.8472 | CB12: ='Tabel Offset'!P13 -> 7.9876 | CC12: =CB12*CC$4 -> 7.9876 | CD12: =SUM(BY12,CA12,CC12) -> 47.7617 | CE12: =2*1/3*CD$2*CD12 -> 15.920567 | CF12: =CE12+BT12 -> 83.0847 | CH12: ='Tabel Offset'!$A13 -> 4 | CI12: =IF(CH12="AP",0,IF(CH12="FP",'Tabel Offset'!$AA$4,CH12/20*'Tabel Offset'!$AA$4)) -> 19.014 | CJ12: ='Tabel Offset'!P13 -> 7.9876 | CK12: =CJ12*CK$4 -> 7.9876 | CL12: ='Tabel Offset'!Q13 -> 7.9984 | CM12: =CL12*CM$4 -> 31.9936 | CN12: ='Tabel Offset'!R13 -> 8.0084 | CO12: =CN12*CO$4 -> 8.0084 | CP12: =SUM(CK12,CM12,CO12) -> 47.9896 | CQ12: =2*1/3*CP$2*CP12 -> 7.9982667 | CR12: =CQ12+CF12 -> 91.082967 | CT12: ='Tabel Offset'!$A13 -> 4 | CU12: =IF(CT12="AP",0,IF(CT12="FP",'Tabel Offset'!$AA$4,CT12/20*'Tabel Offset'!$AA$4)) -> 19.014 | CV12: ='Tabel Offset'!R13 -> 8.0084 | CW12: =CV12*CW$4 -> 8.0084 | CX12: ='Tabel Offset'!S13 -> 8.0215 | CY12: =CX12*CY$4 -> 32.086 | CZ12: ='Tabel Offset'!T13 -> 8.0335 | DA12: =CZ12*DA$4 -> 8.0335 | DB12: =SUM(CW12,CY12,DA12) -> 48.1279 | DC12: =2*1/3*DB$2*DB12 -> 11.229843 | DD12: =DC12+CR12 -> 102.31281 | DF12: ='Tabel Offset'!$A13 -> 4 | DG12: =IF(DF12="AP",0,IF(DF12="FP",'Tabel Offset'!$AA$4,DF12/20*'Tabel Offset'!$AA$4)) -> 19.014 | DH12: ='Tabel Offset'!T13 -> 8.0335 | DI12: =DH12*DI$4 -> 8.0335 | DJ12: ='Tabel Offset'!U13 -> 8.0445 | DK12: =DJ12*DK$4 -> 32.178 | DL12: ='Tabel Offset'!V13 -> 8.0545 | DM12: =DL12*DM$4 -> 8.0545 | DN12: =SUM(DI12,DK12,DM12) -> 48.266 | DO12: =2*1/3*DN$2*DN12 -> 11.262067 | DP12: =DO12+DD12 -> 113.57488 | DR12: ='Tabel Offset'!$A13 -> 4 | DS12: =IF(DR12="AP",0,IF(DR12="FP",'Tabel Offset'!$AA$4,DR12/20*'Tabel Offset'!$AA$4)) -> 19.014 | DT12: ='Tabel Offset'!V13 -> 8.0545 | DU12: =DT12*DU$4 -> 8.0545 | DV12: 8.0588 | DW12: =DV12*DW$4 -> 32.2352 | DX12: =(EA12-DT$2)/2+DT$2 -> 8.08885 | DY12: 7.017 | DZ12: =DY12*DZ$4 -> 7.017 | EA12: 8.2777 | EB12: =SUM(DU12,DW12,DZ12) -> 47.3067 | EC12: =2*1/3*((EA12-DT$2)/2)*EB12 -> 5.9559135 | ED12: =EC12+DP12 -> 119.53079
B13: ='Tabel Offset'!$A14 -> 5 | C13: =IF(B13="AP",0,IF(B13="FP",'Tabel Offset'!$AA$4,B13/20*'Tabel Offset'!$AA$4)) -> 23.7675 | D13: ='Tabel Offset'!B14 -> 1.075 | E13: =D13*E$4 -> 1.075 | F13: ='Tabel Offset'!C14 -> 6.5491 | G13: =F13*G$4 -> 26.1964 | H13: ='Tabel Offset'!D14 -> 6.9298 | I13: =H13*I$4 -> 6.9298 | J13: =SUM(E13,G13,I13) -> 34.2012 | K13: =2*1/3*J$2*J13 -> 5.7002 | L13: =K13 -> 5.7002 | N13: ='Tabel Offset'!$A14 -> 5 | O13: =IF(N13="AP",0,IF(N13="FP",'Tabel Offset'!$AA$4,N13/20*'Tabel Offset'!$AA$4)) -> 23.7675 | P13: ='Tabel Offset'!D13 -> 5.2295 | Q13: =P13*Q$4 -> 5.2295 | R13: ='Tabel Offset'!E14 -> 7.2003 | S13: =R13*S$4 -> 28.8012 | T13: ='Tabel Offset'!F14 -> 7.4073 | U13: =T13*U$4 -> 7.4073 | V13: =SUM(Q13,S13,U13) -> 41.438 | W13: =2*1/3*V$2*V13 -> 6.9063333 | X13: =W13+L13 -> 12.606533 | Z13: ='Tabel Offset'!$A14 -> 5 | AA13: =IF(Z13="AP",0,IF(Z13="FP",'Tabel Offset'!$AA$4,Z13/20*'Tabel Offset'!$AA$4)) -> 23.7675 | AB13: ='Tabel Offset'!F14 -> 7.4073 | AC13: =AB13*AC$4 -> 7.4073 | AD13: ='Tabel Offset'!G14 -> 7.6882 | AE13: =AD13*AE$4 -> 30.7528 | AF13: ='Tabel Offset'!H14 -> 7.9081 | AG13: =AF13*AG$4 -> 7.9081 | AH13: =SUM(AC13,AE13,AG13) -> 46.0682 | AI13: =2*1/3*AH$2*AH13 -> 15.356067 | AJ13: =AI13+X13 -> 27.9626 | AL13: ='Tabel Offset'!$A14 -> 5 | AM13: =IF(AL13="AP",0,IF(AL13="FP",'Tabel Offset'!$AA$4,AL13/20*'Tabel Offset'!$AA$4)) -> 23.7675 | AN13: ='Tabel Offset'!H14 -> 7.9081 | AO13: =AN13*AO$4 -> 7.9081 | AP13: ='Tabel Offset'!I14 -> 8.0208 | AQ13: =AP13*AQ$4 -> 32.0832 | AR13: ='Tabel Offset'!J13 -> 7.4387 | AS13: =AR13*AS$4 -> 7.4387 | AT13: =SUM(AO13,AQ13,AS13) -> 47.43 | AU13: =2*1/3*AT$2*AT13 -> 15.81 | AV13: =AU13+AJ13 -> 43.7726 | AX13: ='Tabel Offset'!$A14 -> 5 | AY13: =IF(AX13="AP",0,IF(AX13="FP",'Tabel Offset'!$AA$4,AX13/20*'Tabel Offset'!$AA$4)) -> 23.7675 | AZ13: ='Tabel Offset'!J14 -> 8.0664 | BA13: =AZ13*BA$4 -> 8.0664 | BB13: ='Tabel Offset'!K14 -> 8.0914 | BC13: =BB13*BC$4 -> 32.3656 | BD13: ='Tabel Offset'!L14 -> 8.1066 | BE13: =BD13*BE$4 -> 8.1066 | BF13: =SUM(BA13,BC13,BE13) -> 48.5386 | BG13: =2*1/3*BF$2*BF13 -> 16.179533 | BH13: =BG13+AV13 -> 59.952133 | BJ13: ='Tabel Offset'!$A14 -> 5 | BK13: =IF(BJ13="AP",0,IF(BJ13="FP",'Tabel Offset'!$AA$4,BJ13/20*'Tabel Offset'!$AA$4)) -> 23.7675 | BL13: ='Tabel Offset'!L14 -> 8.1066 | BM13: =BL13*BM$4 -> 8.1066 | BN13: ='Tabel Offset'!M14 -> 8.1149 | BO13: =BN13*BO$4 -> 32.4596 | BP13: ='Tabel Offset'!N14 -> 8.1196 | BQ13: =BP13*BQ$4 -> 8.1196 | BR13: =SUM(BM13,BO13,BQ13) -> 48.6858 | BS13: =2*1/3*BR$2*BR13 -> 16.2286 | BT13: =BS13+BH13 -> 76.180733 | BV13: ='Tabel Offset'!$A14 -> 5 | BW13: =IF(BV13="AP",0,IF(BV13="FP",'Tabel Offset'!$AA$4,BV13/20*'Tabel Offset'!$AA$4)) -> 23.7675 | BX13: ='Tabel Offset'!N14 -> 8.1196 | BY13: =BX13*BY$4 -> 8.1196 | BZ13: ='Tabel Offset'!O14 -> 8.1232 | CA13: =BZ13*CA$4 -> 32.4928 | CB13: ='Tabel Offset'!P14 -> 8.1263 | CC13: =CB13*CC$4 -> 8.1263 | CD13: =SUM(BY13,CA13,CC13) -> 48.7387 | CE13: =2*1/3*CD$2*CD13 -> 16.246233 | CF13: =CE13+BT13 -> 92.426967 | CH13: ='Tabel Offset'!$A14 -> 5 | CI13: =IF(CH13="AP",0,IF(CH13="FP",'Tabel Offset'!$AA$4,CH13/20*'Tabel Offset'!$AA$4)) -> 23.7675 | CJ13: ='Tabel Offset'!P14 -> 8.1263 | CK13: =CJ13*CK$4 -> 8.1263 | CL13: ='Tabel Offset'!Q14 -> 8.1276 | CM13: =CL13*CM$4 -> 32.5104 | CN13: ='Tabel Offset'!R14 -> 8.1289 | CO13: =CN13*CO$4 -> 8.1289 | CP13: =SUM(CK13,CM13,CO13) -> 48.7656 | CQ13: =2*1/3*CP$2*CP13 -> 8.1276 | CR13: =CQ13+CF13 -> 100.55457 | CT13: ='Tabel Offset'!$A14 -> 5 | CU13: =IF(CT13="AP",0,IF(CT13="FP",'Tabel Offset'!$AA$4,CT13/20*'Tabel Offset'!$AA$4)) -> 23.7675 | CV13: ='Tabel Offset'!R14 -> 8.1289 | CW13: =CV13*CW$4 -> 8.1289 | CX13: ='Tabel Offset'!S14 -> 8.1305 | CY13: =CX13*CY$4 -> 32.522 | CZ13: ='Tabel Offset'!T14 -> 8.1319 | DA13: =CZ13*DA$4 -> 8.1319 | DB13: =SUM(CW13,CY13,DA13) -> 48.7828 | DC13: =2*1/3*DB$2*DB13 -> 11.382653 | DD13: =DC13+CR13 -> 111.93722 | DF13: ='Tabel Offset'!$A14 -> 5 | DG13: =IF(DF13="AP",0,IF(DF13="FP",'Tabel Offset'!$AA$4,DF13/20*'Tabel Offset'!$AA$4)) -> 23.7675 | DH13: ='Tabel Offset'!T14 -> 8.1319 | DI13: =DH13*DI$4 -> 8.1319 | DJ13: ='Tabel Offset'!U14 -> 8.1332 | DK13: =DJ13*DK$4 -> 32.5328 | DL13: ='Tabel Offset'!V14 -> 8.1343 | DM13: =DL13*DM$4 -> 8.1343 | DN13: =SUM(DI13,DK13,DM13) -> 48.799 | DO13: =2*1/3*DN$2*DN13 -> 11.386433 | DP13: =DO13+DD13 -> 123.32365 | DR13: ='Tabel Offset'!$A14 -> 5 | DS13: =IF(DR13="AP",0,IF(DR13="FP",'Tabel Offset'!$AA$4,DR13/20*'Tabel Offset'!$AA$4)) -> 23.7675 | DT13: ='Tabel Offset'!V14 -> 8.1343 | DU13: =DT13*DU$4 -> 8.1343 | DV13: 8.1346 | DW13: =DV13*DW$4 -> 32.5384 | DX13: =(EA13-DT$2)/2+DT$2 -> 8.0368 | DY13: 7.07 | DZ13: =DY13*DZ$4 -> 7.07 | EA13: 8.1736 | EB13: =SUM(DU13,DW13,DZ13) -> 47.7427 | EC13: =2*1/3*((EA13-DT$2)/2)*EB13 -> 4.3541342 | ED13: =EC13+DP13 -> 127.67779
B14: ='Tabel Offset'!$A15 -> 6 | C14: =IF(B14="AP",0,IF(B14="FP",'Tabel Offset'!$AA$4,B14/20*'Tabel Offset'!$AA$4)) -> 28.521 | D14: ='Tabel Offset'!B15 -> 2.979 | E14: =D14*E$4 -> 2.979 | F14: ='Tabel Offset'!C15 -> 7.4683 | G14: =F14*G$4 -> 29.8732 | H14: ='Tabel Offset'!D15 -> 7.765 | I14: =H14*I$4 -> 7.765 | J14: =SUM(E14,G14,I14) -> 40.6172 | K14: =2*1/3*J$2*J14 -> 6.7695333 | L14: =K14 -> 6.7695333 | N14: ='Tabel Offset'!$A15 -> 6 | O14: =IF(N14="AP",0,IF(N14="FP",'Tabel Offset'!$AA$4,N14/20*'Tabel Offset'!$AA$4)) -> 28.521 | P14: ='Tabel Offset'!D15 -> 7.765 | Q14: =P14*Q$4 -> 7.765 | R14: ='Tabel Offset'!E15 -> 7.9116 | S14: =R14*S$4 -> 31.6464 | T14: ='Tabel Offset'!F15 -> 8.0008 | U14: =T14*U$4 -> 8.0008 | V14: =SUM(Q14,S14,U14) -> 47.4122 | W14: =2*1/3*V$2*V14 -> 7.9020333 | X14: =W14+L14 -> 14.671567 | Z14: ='Tabel Offset'!$A15 -> 6 | AA14: =IF(Z14="AP",0,IF(Z14="FP",'Tabel Offset'!$AA$4,Z14/20*'Tabel Offset'!$AA$4)) -> 28.521 | AB14: ='Tabel Offset'!F15 -> 8.0008 | AC14: =AB14*AC$4 -> 8.0008 | AD14: ='Tabel Offset'!G15 -> 8.0995 | AE14: =AD14*AE$4 -> 32.398 | AF14: ='Tabel Offset'!H15 -> 8.1225 | AG14: =AF14*AG$4 -> 8.1225 | AH14: =SUM(AC14,AE14,AG14) -> 48.5213 | AI14: =2*1/3*AH$2*AH14 -> 16.173767 | AJ14: =AI14+X14 -> 30.845333 | AL14: ='Tabel Offset'!$A15 -> 6 | AM14: =IF(AL14="AP",0,IF(AL14="FP",'Tabel Offset'!$AA$4,AL14/20*'Tabel Offset'!$AA$4)) -> 28.521 | AN14: ='Tabel Offset'!H15 -> 8.1225 | AO14: =AN14*AO$4 -> 8.1225 | AP14: ='Tabel Offset'!I15 -> 8.1308 | AQ14: =AP14*AQ$4 -> 32.5232 | AR14: ='Tabel Offset'!J14 -> 8.0664 | AS14: =AR14*AS$4 -> 8.0664 | AT14: =SUM(AO14,AQ14,AS14) -> 48.7121 | AU14: =2*1/3*AT$2*AT14 -> 16.237367 | AV14: =AU14+AJ14 -> 47.0827 | AX14: ='Tabel Offset'!$A15 -> 6 | AY14: =IF(AX14="AP",0,IF(AX14="FP",'Tabel Offset'!$AA$4,AX14/20*'Tabel Offset'!$AA$4)) -> 28.521 | AZ14: ='Tabel Offset'!J15 -> 8.1437 | BA14: =AZ14*BA$4 -> 8.1437 | BB14: ='Tabel Offset'!K15 -> 8.1406 | BC14: =BB14*BC$4 -> 32.5624 | BD14: ='Tabel Offset'!L15 -> 8.1419 | BE14: =BD14*BE$4 -> 8.1419 | BF14: =SUM(BA14,BC14,BE14) -> 48.848 | BG14: =2*1/3*BF$2*BF14 -> 16.282667 | BH14: =BG14+AV14 -> 63.365367 | BJ14: ='Tabel Offset'!$A15 -> 6 | BK14: =IF(BJ14="AP",0,IF(BJ14="FP",'Tabel Offset'!$AA$4,BJ14/20*'Tabel Offset'!$AA$4)) -> 28.521 | BL14: ='Tabel Offset'!L15 -> 8.1419 | BM14: =BL14*BM$4 -> 8.1419 | BN14: ='Tabel Offset'!M15 -> 8.1426 | BO14: =BN14*BO$4 -> 32.5704 | BP14: ='Tabel Offset'!N15 -> 8.1431 | BQ14: =BP14*BQ$4 -> 8.1431 | BR14: =SUM(BM14,BO14,BQ14) -> 48.8554 | BS14: =2*1/3*BR$2*BR14 -> 16.285133 | BT14: =BS14+BH14 -> 79.6505 | BV14: ='Tabel Offset'!$A15 -> 6 | BW14: =IF(BV14="AP",0,IF(BV14="FP",'Tabel Offset'!$AA$4,BV14/20*'Tabel Offset'!$AA$4)) -> 28.521 | BX14: ='Tabel Offset'!N15 -> 8.1431 | BY14: =BX14*BY$4 -> 8.1431 | BZ14: ='Tabel Offset'!O15 -> 8.1434 | CA14: =BZ14*CA$4 -> 32.5736 | CB14: ='Tabel Offset'!P15 -> 8.1438 | CC14: =CB14*CC$4 -> 8.1438 | CD14: =SUM(BY14,CA14,CC14) -> 48.8605 | CE14: =2*1/3*CD$2*CD14 -> 16.286833 | CF14: =CE14+BT14 -> 95.937333 | CH14: ='Tabel Offset'!$A15 -> 6 | CI14: =IF(CH14="AP",0,IF(CH14="FP",'Tabel Offset'!$AA$4,CH14/20*'Tabel Offset'!$AA$4)) -> 28.521 | CJ14: ='Tabel Offset'!P15 -> 8.1438 | CK14: =CJ14*CK$4 -> 8.1438 | CL14: ='Tabel Offset'!Q15 -> 8.144 | CM14: =CL14*CM$4 -> 32.576 | CN14: ='Tabel Offset'!R15 -> 8.144 | CO14: =CN14*CO$4 -> 8.144 | CP14: =SUM(CK14,CM14,CO14) -> 48.8638 | CQ14: =2*1/3*CP$2*CP14 -> 8.1439667 | CR14: =CQ14+CF14 -> 104.0813 | CT14: ='Tabel Offset'!$A15 -> 6 | CU14: =IF(CT14="AP",0,IF(CT14="FP",'Tabel Offset'!$AA$4,CT14/20*'Tabel Offset'!$AA$4)) -> 28.521 | CV14: ='Tabel Offset'!R15 -> 8.144 | CW14: =CV14*CW$4 -> 8.144 | CX14: ='Tabel Offset'!S15 -> 8.144 | CY14: =CX14*CY$4 -> 32.576 | CZ14: ='Tabel Offset'!T15 -> 8.144 | DA14: =CZ14*DA$4 -> 8.144 | DB14: =SUM(CW14,CY14,DA14) -> 48.864 | DC14: =2*1/3*DB$2*DB14 -> 11.4016 | DD14: =DC14+CR14 -> 115.4829 | DF14: ='Tabel Offset'!$A15 -> 6 | DG14: =IF(DF14="AP",0,IF(DF14="FP",'Tabel Offset'!$AA$4,DF14/20*'Tabel Offset'!$AA$4)) -> 28.521 | DH14: ='Tabel Offset'!T15 -> 8.144 | DI14: =DH14*DI$4 -> 8.144 | DJ14: ='Tabel Offset'!U15 -> 8.144 | DK14: =DJ14*DK$4 -> 32.576 | DL14: ='Tabel Offset'!V15 -> 8.144 | DM14: =DL14*DM$4 -> 8.144 | DN14: =SUM(DI14,DK14,DM14) -> 48.864 | DO14: =2*1/3*DN$2*DN14 -> 11.4016 | DP14: =DO14+DD14 -> 126.8845 | DR14: ='Tabel Offset'!$A15 -> 6 | DS14: =IF(DR14="AP",0,IF(DR14="FP",'Tabel Offset'!$AA$4,DR14/20*'Tabel Offset'!$AA$4)) -> 28.521 | DT14: ='Tabel Offset'!V15 -> 8.144 | DU14: =DT14*DU$4 -> 8.144 | DV14: 8.144 | DW14: =DV14*DW$4 -> 32.576 | DX14: =(EA14-DT$2)/2+DT$2 -> 7.9854 | DY14: 7.118 | DZ14: =DY14*DZ$4 -> 7.118 | EA14: 8.0708 | EB14: =SUM(DU14,DW14,DZ14) -> 47.838 | EC14: =2*1/3*((EA14-DT$2)/2)*EB14 -> 2.7235768 | ED14: =EC14+DP14 -> 129.60808
B15: ='Tabel Offset'!$A16 -> 7 | C15: =IF(B15="AP",0,IF(B15="FP",'Tabel Offset'!$AA$4,B15/20*'Tabel Offset'!$AA$4)) -> 33.2745 | D15: ='Tabel Offset'!B16 -> 6.5716 | E15: =D15*E$4 -> 6.5716 | F15: ='Tabel Offset'!C16 -> 7.8266 | G15: =F15*G$4 -> 31.3064 | H15: ='Tabel Offset'!D16 -> 8.0092 | I15: =H15*I$4 -> 8.0092 | J15: =SUM(E15,G15,I15) -> 45.8872 | K15: =2*1/3*J$2*J15 -> 7.6478667 | L15: =K15 -> 7.6478667 | N15: ='Tabel Offset'!$A16 -> 7 | O15: =IF(N15="AP",0,IF(N15="FP",'Tabel Offset'!$AA$4,N15/20*'Tabel Offset'!$AA$4)) -> 33.2745 | P15: ='Tabel Offset'!D15 -> 7.765 | Q15: =P15*Q$4 -> 7.765 | R15: ='Tabel Offset'!E16 -> 8.0868 | S15: =R15*S$4 -> 32.3472 | T15: ='Tabel Offset'!F16 -> 8.1173 | U15: =T15*U$4 -> 8.1173 | V15: =SUM(Q15,S15,U15) -> 48.2295 | W15: =2*1/3*V$2*V15 -> 8.03825 | X15: =W15+L15 -> 15.686117 | Z15: ='Tabel Offset'!$A16 -> 7 | AA15: =IF(Z15="AP",0,IF(Z15="FP",'Tabel Offset'!$AA$4,Z15/20*'Tabel Offset'!$AA$4)) -> 33.2745 | AB15: ='Tabel Offset'!F16 -> 8.1173 | AC15: =AB15*AC$4 -> 8.1173 | AD15: ='Tabel Offset'!G16 -> 8.1322 | AE15: =AD15*AE$4 -> 32.5288 | AF15: ='Tabel Offset'!H16 -> 8.1383 | AG15: =AF15*AG$4 -> 8.1383 | AH15: =SUM(AC15,AE15,AG15) -> 48.7844 | AI15: =2*1/3*AH$2*AH15 -> 16.261467 | AJ15: =AI15+X15 -> 31.947583 | AL15: ='Tabel Offset'!$A16 -> 7 | AM15: =IF(AL15="AP",0,IF(AL15="FP",'Tabel Offset'!$AA$4,AL15/20*'Tabel Offset'!$AA$4)) -> 33.2745 | AN15: ='Tabel Offset'!H16 -> 8.1383 | AO15: =AN15*AO$4 -> 8.1383 | AP15: ='Tabel Offset'!I16 -> 8.1421 | AQ15: =AP15*AQ$4 -> 32.5684 | AR15: ='Tabel Offset'!J15 -> 8.1437 | AS15: =AR15*AS$4 -> 8.1437 | AT15: =SUM(AO15,AQ15,AS15) -> 48.8504 | AU15: =2*1/3*AT$2*AT15 -> 16.283467 | AV15: =AU15+AJ15 -> 48.23105 | AX15: ='Tabel Offset'!$A16 -> 7 | AY15: =IF(AX15="AP",0,IF(AX15="FP",'Tabel Offset'!$AA$4,AX15/20*'Tabel Offset'!$AA$4)) -> 33.2745 | AZ15: ='Tabel Offset'!J16 -> 8.144 | BA15: =AZ15*BA$4 -> 8.144 | BB15: ='Tabel Offset'!K16 -> 8.144 | BC15: =BB15*BC$4 -> 32.576 | BD15: ='Tabel Offset'!L16 -> 8.144 | BE15: =BD15*BE$4 -> 8.144 | BF15: =SUM(BA15,BC15,BE15) -> 48.864 | BG15: =2*1/3*BF$2*BF15 -> 16.288 | BH15: =BG15+AV15 -> 64.51905 | BJ15: ='Tabel Offset'!$A16 -> 7 | BK15: =IF(BJ15="AP",0,IF(BJ15="FP",'Tabel Offset'!$AA$4,BJ15/20*'Tabel Offset'!$AA$4)) -> 33.2745 | BL15: ='Tabel Offset'!L16 -> 8.144 | BM15: =BL15*BM$4 -> 8.144 | BN15: ='Tabel Offset'!M16 -> 8.144 | BO15: =BN15*BO$4 -> 32.576 | BP15: ='Tabel Offset'!N16 -> 8.144 | BQ15: =BP15*BQ$4 -> 8.144 | BR15: =SUM(BM15,BO15,BQ15) -> 48.864 | BS15: =2*1/3*BR$2*BR15 -> 16.288 | BT15: =BS15+BH15 -> 80.80705 | BV15: ='Tabel Offset'!$A16 -> 7 | BW15: =IF(BV15="AP",0,IF(BV15="FP",'Tabel Offset'!$AA$4,BV15/20*'Tabel Offset'!$AA$4)) -> 33.2745 | BX15: ='Tabel Offset'!N16 -> 8.144 | BY15: =BX15*BY$4 -> 8.144 | BZ15: ='Tabel Offset'!O16 -> 8.144 | CA15: =BZ15*CA$4 -> 32.576 | CB15: ='Tabel Offset'!P16 -> 8.144 | CC15: =CB15*CC$4 -> 8.144 | CD15: =SUM(BY15,CA15,CC15) -> 48.864 | CE15: =2*1/3*CD$2*CD15 -> 16.288 | CF15: =CE15+BT15 -> 97.09505 | CH15: ='Tabel Offset'!$A16 -> 7 | CI15: =IF(CH15="AP",0,IF(CH15="FP",'Tabel Offset'!$AA$4,CH15/20*'Tabel Offset'!$AA$4)) -> 33.2745 | CJ15: ='Tabel Offset'!P16 -> 8.144 | CK15: =CJ15*CK$4 -> 8.144 | CL15: ='Tabel Offset'!Q16 -> 8.144 | CM15: =CL15*CM$4 -> 32.576 | CN15: ='Tabel Offset'!R16 -> 8.144 | CO15: =CN15*CO$4 -> 8.144 | CP15: =SUM(CK15,CM15,CO15) -> 48.864 | CQ15: =2*1/3*CP$2*CP15 -> 8.144 | CR15: =CQ15+CF15 -> 105.23905 | CT15: ='Tabel Offset'!$A16 -> 7 | CU15: =IF(CT15="AP",0,IF(CT15="FP",'Tabel Offset'!$AA$4,CT15/20*'Tabel Offset'!$AA$4)) -> 33.2745 | CV15: ='Tabel Offset'!R16 -> 8.144 | CW15: =CV15*CW$4 -> 8.144 | CX15: ='Tabel Offset'!S16 -> 8.144 | CY15: =CX15*CY$4 -> 32.576 | CZ15: ='Tabel Offset'!T16 -> 8.144 | DA15: =CZ15*DA$4 -> 8.144 | DB15: =SUM(CW15,CY15,DA15) -> 48.864 | DC15: =2*1/3*DB$2*DB15 -> 11.4016 | DD15: =DC15+CR15 -> 116.64065 | DF15: ='Tabel Offset'!$A16 -> 7 | DG15: =IF(DF15="AP",0,IF(DF15="FP",'Tabel Offset'!$AA$4,DF15/20*'Tabel Offset'!$AA$4)) -> 33.2745 | DH15: ='Tabel Offset'!T16 -> 8.144 | DI15: =DH15*DI$4 -> 8.144 | DJ15: ='Tabel Offset'!U16 -> 8.144 | DK15: =DJ15*DK$4 -> 32.576 | DL15: ='Tabel Offset'!V16 -> 8.144 | DM15: =DL15*DM$4 -> 8.144 | DN15: =SUM(DI15,DK15,DM15) -> 48.864 | DO15: =2*1/3*DN$2*DN15 -> 11.4016 | DP15: =DO15+DD15 -> 128.04225 | DR15: ='Tabel Offset'!$A16 -> 7 | DS15: =IF(DR15="AP",0,IF(DR15="FP",'Tabel Offset'!$AA$4,DR15/20*'Tabel Offset'!$AA$4)) -> 33.2745 | DT15: ='Tabel Offset'!V16 -> 8.144 | DU15: =DT15*DU$4 -> 8.144 | DV15: 8.144 | DW15: =DV15*DW$4 -> 32.576 | DX15: =(EA15-DT$2)/2+DT$2 -> 7.9572 | DY15: 7.167 | DZ15: =DY15*DZ$4 -> 7.167 | EA15: 8.0144 | EB15: =SUM(DU15,DW15,DZ15) -> 47.887 | EC15: =2*1/3*((EA15-DT$2)/2)*EB15 -> 1.8260909 | ED15: =EC15+DP15 -> 129.86834
B16: ='Tabel Offset'!$A17 -> 8 | C16: =IF(B16="AP",0,IF(B16="FP",'Tabel Offset'!$AA$4,B16/20*'Tabel Offset'!$AA$4)) -> 38.028 | D16: ='Tabel Offset'!B17 -> 6.5716 | E16: =D16*E$4 -> 6.5716 | F16: ='Tabel Offset'!C17 -> 8.144 | G16: =F16*G$4 -> 32.576 | H16: ='Tabel Offset'!D17 -> 8.144 | I16: =H16*I$4 -> 8.144 | J16: =SUM(E16,G16,I16) -> 47.2916 | K16: =2*1/3*J$2*J16 -> 7.8819333 | L16: =K16 -> 7.8819333 | N16: ='Tabel Offset'!$A17 -> 8 | O16: =IF(N16="AP",0,IF(N16="FP",'Tabel Offset'!$AA$4,N16/20*'Tabel Offset'!$AA$4)) -> 38.028 | P16: ='Tabel Offset'!D17 -> 8.144 | Q16: =P16*Q$4 -> 8.144 | R16: ='Tabel Offset'!E17 -> 8.144 | S16: =R16*S$4 -> 32.576 | T16: ='Tabel Offset'!F17 -> 8.144 | U16: =T16*U$4 -> 8.144 | V16: =SUM(Q16,S16,U16) -> 48.864 | W16: =2*1/3*V$2*V16 -> 8.144 | X16: =W16+L16 -> 16.025933 | Z16: ='Tabel Offset'!$A17 -> 8 | AA16: =IF(Z16="AP",0,IF(Z16="FP",'Tabel Offset'!$AA$4,Z16/20*'Tabel Offset'!$AA$4)) -> 38.028 | AB16: ='Tabel Offset'!F17 -> 8.144 | AC16: =AB16*AC$4 -> 8.144 | AD16: ='Tabel Offset'!G17 -> 8.144 | AE16: =AD16*AE$4 -> 32.576 | AF16: ='Tabel Offset'!H17 -> 8.144 | AG16: =AF16*AG$4 -> 8.144 | AH16: =SUM(AC16,AE16,AG16) -> 48.864 | AI16: =2*1/3*AH$2*AH16 -> 16.288 | AJ16: =AI16+X16 -> 32.313933 | AL16: ='Tabel Offset'!$A17 -> 8 | AM16: =IF(AL16="AP",0,IF(AL16="FP",'Tabel Offset'!$AA$4,AL16/20*'Tabel Offset'!$AA$4)) -> 38.028 | AN16: ='Tabel Offset'!H17 -> 8.144 | AO16: =AN16*AO$4 -> 8.144 | AP16: ='Tabel Offset'!I17 -> 8.144 | AQ16: =AP16*AQ$4 -> 32.576 | AR16: ='Tabel Offset'!J16 -> 8.144 | AS16: =AR16*AS$4 -> 8.144 | AT16: =SUM(AO16,AQ16,AS16) -> 48.864 | AU16: =2*1/3*AT$2*AT16 -> 16.288 | AV16: =AU16+AJ16 -> 48.601933 | AX16: ='Tabel Offset'!$A17 -> 8 | AY16: =IF(AX16="AP",0,IF(AX16="FP",'Tabel Offset'!$AA$4,AX16/20*'Tabel Offset'!$AA$4)) -> 38.028 | AZ16: ='Tabel Offset'!J17 -> 8.144 | BA16: =AZ16*BA$4 -> 8.144 | BB16: ='Tabel Offset'!K17 -> 8.144 | BC16: =BB16*BC$4 -> 32.576 | BD16: ='Tabel Offset'!L17 -> 8.144 | BE16: =BD16*BE$4 -> 8.144 | BF16: =SUM(BA16,BC16,BE16) -> 48.864 | BG16: =2*1/3*BF$2*BF16 -> 16.288 | BH16: =BG16+AV16 -> 64.889933 | BJ16: ='Tabel Offset'!$A17 -> 8 | BK16: =IF(BJ16="AP",0,IF(BJ16="FP",'Tabel Offset'!$AA$4,BJ16/20*'Tabel Offset'!$AA$4)) -> 38.028 | BL16: ='Tabel Offset'!L17 -> 8.144 | BM16: =BL16*BM$4 -> 8.144 | BN16: ='Tabel Offset'!M17 -> 8.144 | BO16: =BN16*BO$4 -> 32.576 | BP16: ='Tabel Offset'!N17 -> 8.144 | BQ16: =BP16*BQ$4 -> 8.144 | BR16: =SUM(BM16,BO16,BQ16) -> 48.864 | BS16: =2*1/3*BR$2*BR16 -> 16.288 | BT16: =BS16+BH16 -> 81.177933 | BV16: ='Tabel Offset'!$A17 -> 8 | BW16: =IF(BV16="AP",0,IF(BV16="FP",'Tabel Offset'!$AA$4,BV16/20*'Tabel Offset'!$AA$4)) -> 38.028 | BX16: ='Tabel Offset'!N17 -> 8.144 | BY16: =BX16*BY$4 -> 8.144 | BZ16: ='Tabel Offset'!O17 -> 8.144 | CA16: =BZ16*CA$4 -> 32.576 | CB16: ='Tabel Offset'!P17 -> 8.144 | CC16: =CB16*CC$4 -> 8.144 | CD16: =SUM(BY16,CA16,CC16) -> 48.864 | CE16: =2*1/3*CD$2*CD16 -> 16.288 | CF16: =CE16+BT16 -> 97.465933 | CH16: ='Tabel Offset'!$A17 -> 8 | CI16: =IF(CH16="AP",0,IF(CH16="FP",'Tabel Offset'!$AA$4,CH16/20*'Tabel Offset'!$AA$4)) -> 38.028 | CJ16: ='Tabel Offset'!P17 -> 8.144 | CK16: =CJ16*CK$4 -> 8.144 | CL16: ='Tabel Offset'!Q17 -> 8.144 | CM16: =CL16*CM$4 -> 32.576 | CN16: ='Tabel Offset'!R17 -> 8.144 | CO16: =CN16*CO$4 -> 8.144 | CP16: =SUM(CK16,CM16,CO16) -> 48.864 | CQ16: =2*1/3*CP$2*CP16 -> 8.144 | CR16: =CQ16+CF16 -> 105.60993 | CT16: ='Tabel Offset'!$A17 -> 8 | CU16: =IF(CT16="AP",0,IF(CT16="FP",'Tabel Offset'!$AA$4,CT16/20*'Tabel Offset'!$AA$4)) -> 38.028 | CV16: ='Tabel Offset'!R17 -> 8.144 | CW16: =CV16*CW$4 -> 8.144 | CX16: ='Tabel Offset'!S17 -> 8.144 | CY16: =CX16*CY$4 -> 32.576 | CZ16: ='Tabel Offset'!T17 -> 8.144 | DA16: =CZ16*DA$4 -> 8.144 | DB16: =SUM(CW16,CY16,DA16) -> 48.864 | DC16: =2*1/3*DB$2*DB16 -> 11.4016 | DD16: =DC16+CR16 -> 117.01153 | DF16: ='Tabel Offset'!$A17 -> 8 | DG16: =IF(DF16="AP",0,IF(DF16="FP",'Tabel Offset'!$AA$4,DF16/20*'Tabel Offset'!$AA$4)) -> 38.028 | DH16: ='Tabel Offset'!T17 -> 8.144 | DI16: =DH16*DI$4 -> 8.144 | DJ16: ='Tabel Offset'!U17 -> 8.144 | DK16: =DJ16*DK$4 -> 32.576 | DL16: ='Tabel Offset'!V17 -> 8.144 | DM16: =DL16*DM$4 -> 8.144 | DN16: =SUM(DI16,DK16,DM16) -> 48.864 | DO16: =2*1/3*DN$2*DN16 -> 11.4016 | DP16: =DO16+DD16 -> 128.41313 | DR16: ='Tabel Offset'!$A17 -> 8 | DS16: =IF(DR16="AP",0,IF(DR16="FP",'Tabel Offset'!$AA$4,DR16/20*'Tabel Offset'!$AA$4)) -> 38.028 | DT16: ='Tabel Offset'!V17 -> 8.144 | DU16: =DT16*DU$4 -> 8.144 | DV16: 8.144 | DW16: =DV16*DW$4 -> 32.576 | DX16: =(EA16-DT$2)/2+DT$2 -> 7.93625 | DY16: 7.212 | DZ16: =DY16*DZ$4 -> 7.212 | EA16: 7.9725 | EB16: =SUM(DU16,DW16,DZ16) -> 47.932 | EC16: =2*1/3*((EA16-DT$2)/2)*EB16 -> 1.1583567 | ED16: =EC16+DP16 -> 129.57149
B17: ='Tabel Offset'!$A18 -> 9 | C17: =IF(B17="AP",0,IF(B17="FP",'Tabel Offset'!$AA$4,B17/20*'Tabel Offset'!$AA$4)) -> 42.7815 | D17: ='Tabel Offset'!B18 -> 6.5716 | E17: =D17*E$4 -> 6.5716 | F17: ='Tabel Offset'!C18 -> 8.144 | G17: =F17*G$4 -> 32.576 | H17: ='Tabel Offset'!D18 -> 8.144 | I17: =H17*I$4 -> 8.144 | J17: =SUM(E17,G17,I17) -> 47.2916 | K17: =2*1/3*J$2*J17 -> 7.8819333 | L17: =K17 -> 7.8819333 | N17: ='Tabel Offset'!$A18 -> 9 | O17: =IF(N17="AP",0,IF(N17="FP",'Tabel Offset'!$AA$4,N17/20*'Tabel Offset'!$AA$4)) -> 42.7815 | P17: ='Tabel Offset'!D17 -> 8.144 | Q17: =P17*Q$4 -> 8.144 | R17: ='Tabel Offset'!E18 -> 8.144 | S17: =R17*S$4 -> 32.576 | T17: ='Tabel Offset'!F18 -> 8.144 | U17: =T17*U$4 -> 8.144 | V17: =SUM(Q17,S17,U17) -> 48.864 | W17: =2*1/3*V$2*V17 -> 8.144 | X17: =W17+L17 -> 16.025933 | Z17: ='Tabel Offset'!$A18 -> 9 | AA17: =IF(Z17="AP",0,IF(Z17="FP",'Tabel Offset'!$AA$4,Z17/20*'Tabel Offset'!$AA$4)) -> 42.7815 | AB17: ='Tabel Offset'!F18 -> 8.144 | AC17: =AB17*AC$4 -> 8.144 | AD17: ='Tabel Offset'!G18 -> 8.144 | AE17: =AD17*AE$4 -> 32.576 | AF17: ='Tabel Offset'!H18 -> 8.144 | AG17: =AF17*AG$4 -> 8.144 | AH17: =SUM(AC17,AE17,AG17) -> 48.864 | AI17: =2*1/3*AH$2*AH17 -> 16.288 | AJ17: =AI17+X17 -> 32.313933 | AL17: ='Tabel Offset'!$A18 -> 9 | AM17: =IF(AL17="AP",0,IF(AL17="FP",'Tabel Offset'!$AA$4,AL17/20*'Tabel Offset'!$AA$4)) -> 42.7815 | AN17: ='Tabel Offset'!H18 -> 8.144 | AO17: =AN17*AO$4 -> 8.144 | AP17: ='Tabel Offset'!I18 -> 8.144 | AQ17: =AP17*AQ$4 -> 32.576 | AR17: ='Tabel Offset'!J18 -> 8.144 | AS17: =AR17*AS$4 -> 8.144 | AT17: =SUM(AO17,AQ17,AS17) -> 48.864 | AU17: =2*1/3*AT$2*AT17 -> 16.288 | AV17: =AU17+AJ17 -> 48.601933 | AX17: ='Tabel Offset'!$A18 -> 9 | AY17: =IF(AX17="AP",0,IF(AX17="FP",'Tabel Offset'!$AA$4,AX17/20*'Tabel Offset'!$AA$4)) -> 42.7815 | AZ17: ='Tabel Offset'!J18 -> 8.144 | BA17: =AZ17*BA$4 -> 8.144 | BB17: ='Tabel Offset'!K18 -> 8.144 | BC17: =BB17*BC$4 -> 32.576 | BD17: ='Tabel Offset'!L18 -> 8.144 | BE17: =BD17*BE$4 -> 8.144 | BF17: =SUM(BA17,BC17,BE17) -> 48.864 | BG17: =2*1/3*BF$2*BF17 -> 16.288 | BH17: =BG17+AV17 -> 64.889933 | BJ17: ='Tabel Offset'!$A18 -> 9 | BK17: =IF(BJ17="AP",0,IF(BJ17="FP",'Tabel Offset'!$AA$4,BJ17/20*'Tabel Offset'!$AA$4)) -> 42.7815 | BL17: ='Tabel Offset'!L18 -> 8.144 | BM17: =BL17*BM$4 -> 8.144 | BN17: ='Tabel Offset'!M18 -> 8.144 | BO17: =BN17*BO$4 -> 32.576 | BP17: ='Tabel Offset'!N18 -> 8.144 | BQ17: =BP17*BQ$4 -> 8.144 | BR17: =SUM(BM17,BO17,BQ17) -> 48.864 | BS17: =2*1/3*BR$2*BR17 -> 16.288 | BT17: =BS17+BH17 -> 81.177933 | BV17: ='Tabel Offset'!$A18 -> 9 | BW17: =IF(BV17="AP",0,IF(BV17="FP",'Tabel Offset'!$AA$4,BV17/20*'Tabel Offset'!$AA$4)) -> 42.7815 | BX17: ='Tabel Offset'!N18 -> 8.144 | BY17: =BX17*BY$4 -> 8.144 | BZ17: ='Tabel Offset'!O18 -> 8.144 | CA17: =BZ17*CA$4 -> 32.576 | CB17: ='Tabel Offset'!P18 -> 8.144 | CC17: =CB17*CC$4 -> 8.144 | CD17: =SUM(BY17,CA17,CC17) -> 48.864 | CE17: =2*1/3*CD$2*CD17 -> 16.288 | CF17: =CE17+BT17 -> 97.465933 | CH17: ='Tabel Offset'!$A18 -> 9 | CI17: =IF(CH17="AP",0,IF(CH17="FP",'Tabel Offset'!$AA$4,CH17/20*'Tabel Offset'!$AA$4)) -> 42.7815 | CJ17: ='Tabel Offset'!P18 -> 8.144 | CK17: =CJ17*CK$4 -> 8.144 | CL17: ='Tabel Offset'!Q18 -> 8.144 | CM17: =CL17*CM$4 -> 32.576 | CN17: ='Tabel Offset'!R18 -> 8.144 | CO17: =CN17*CO$4 -> 8.144 | CP17: =SUM(CK17,CM17,CO17) -> 48.864 | CQ17: =2*1/3*CP$2*CP17 -> 8.144 | CR17: =CQ17+CF17 -> 105.60993 | CT17: ='Tabel Offset'!$A18 -> 9 | CU17: =IF(CT17="AP",0,IF(CT17="FP",'Tabel Offset'!$AA$4,CT17/20*'Tabel Offset'!$AA$4)) -> 42.7815 | CV17: ='Tabel Offset'!R18 -> 8.144 | CW17: =CV17*CW$4 -> 8.144 | CX17: ='Tabel Offset'!S18 -> 8.144 | CY17: =CX17*CY$4 -> 32.576 | CZ17: ='Tabel Offset'!T18 -> 8.144 | DA17: =CZ17*DA$4 -> 8.144 | DB17: =SUM(CW17,CY17,DA17) -> 48.864 | DC17: =2*1/3*DB$2*DB17 -> 11.4016 | DD17: =DC17+CR17 -> 117.01153 | DF17: ='Tabel Offset'!$A18 -> 9 | DG17: =IF(DF17="AP",0,IF(DF17="FP",'Tabel Offset'!$AA$4,DF17/20*'Tabel Offset'!$AA$4)) -> 42.7815 | DH17: ='Tabel Offset'!T18 -> 8.144 | DI17: =DH17*DI$4 -> 8.144 | DJ17: ='Tabel Offset'!U18 -> 8.144 | DK17: =DJ17*DK$4 -> 32.576 | DL17: ='Tabel Offset'!V18 -> 8.144 | DM17: =DL17*DM$4 -> 8.144 | DN17: =SUM(DI17,DK17,DM17) -> 48.864 | DO17: =2*1/3*DN$2*DN17 -> 11.4016 | DP17: =DO17+DD17 -> 128.41313 | DR17: ='Tabel Offset'!$A18 -> 9 | DS17: =IF(DR17="AP",0,IF(DR17="FP",'Tabel Offset'!$AA$4,DR17/20*'Tabel Offset'!$AA$4)) -> 42.7815 | DT17: ='Tabel Offset'!V18 -> 8.144 | DU17: =DT17*DU$4 -> 8.144 | DV17: 8.144 | DW17: =DV17*DW$4 -> 32.576 | DX17: =(EA17-DT$2)/2+DT$2 -> 7.91995 | DY17: 7.223 | DZ17: =DY17*DZ$4 -> 7.223 | EA17: 7.9399 | EB17: =SUM(DU17,DW17,DZ17) -> 47.943 | EC17: =2*1/3*((EA17-DT$2)/2)*EB17 -> 0.6376419 | ED17: =EC17+DP17 -> 129.05078
B18: ='Tabel Offset'!$A19 -> 10 | C18: =IF(B18="AP",0,IF(B18="FP",'Tabel Offset'!$AA$4,B18/20*'Tabel Offset'!$AA$4)) -> 47.535 | D18: ='Tabel Offset'!B19 -> 6.5716 | E18: =D18*E$4 -> 6.5716 | F18: ='Tabel Offset'!C19 -> 8.144 | G18: =F18*G$4 -> 32.576 | H18: ='Tabel Offset'!D19 -> 8.144 | I18: =H18*I$4 -> 8.144 | J18: =SUM(E18,G18,I18) -> 47.2916 | K18: =2*1/3*J$2*J18 -> 7.8819333 | L18: =K18 -> 7.8819333 | N18: ='Tabel Offset'!$A19 -> 10 | O18: =IF(N18="AP",0,IF(N18="FP",'Tabel Offset'!$AA$4,N18/20*'Tabel Offset'!$AA$4)) -> 47.535 | P18: ='Tabel Offset'!D19 -> 8.144 | Q18: =P18*Q$4 -> 8.144 | R18: ='Tabel Offset'!E19 -> 8.144 | S18: =R18*S$4 -> 32.576 | T18: ='Tabel Offset'!F19 -> 8.144 | U18: =T18*U$4 -> 8.144 | V18: =SUM(Q18,S18,U18) -> 48.864 | W18: =2*1/3*V$2*V18 -> 8.144 | X18: =W18+L18 -> 16.025933 | Z18: ='Tabel Offset'!$A19 -> 10 | AA18: =IF(Z18="AP",0,IF(Z18="FP",'Tabel Offset'!$AA$4,Z18/20*'Tabel Offset'!$AA$4)) -> 47.535 | AB18: ='Tabel Offset'!F19 -> 8.144 | AC18: =AB18*AC$4 -> 8.144 | AD18: ='Tabel Offset'!G19 -> 8.144 | AE18: =AD18*AE$4 -> 32.576 | AF18: ='Tabel Offset'!H19 -> 8.144 | AG18: =AF18*AG$4 -> 8.144 | AH18: =SUM(AC18,AE18,AG18) -> 48.864 | AI18: =2*1/3*AH$2*AH18 -> 16.288 | AJ18: =AI18+X18 -> 32.313933 | AL18: ='Tabel Offset'!$A19 -> 10 | AM18: =IF(AL18="AP",0,IF(AL18="FP",'Tabel Offset'!$AA$4,AL18/20*'Tabel Offset'!$AA$4)) -> 47.535 | AN18: ='Tabel Offset'!H19 -> 8.144 | AO18: =AN18*AO$4 -> 8.144 | AP18: ='Tabel Offset'!I19 -> 8.144 | AQ18: =AP18*AQ$4 -> 32.576 | AR18: ='Tabel Offset'!J19 -> 8.144 | AS18: =AR18*AS$4 -> 8.144 | AT18: =SUM(AO18,AQ18,AS18) -> 48.864 | AU18: =2*1/3*AT$2*AT18 -> 16.288 | AV18: =AU18+AJ18 -> 48.601933 | AX18: ='Tabel Offset'!$A19 -> 10 | AY18: =IF(AX18="AP",0,IF(AX18="FP",'Tabel Offset'!$AA$4,AX18/20*'Tabel Offset'!$AA$4)) -> 47.535 | AZ18: ='Tabel Offset'!J19 -> 8.144 | BA18: =AZ18*BA$4 -> 8.144 | BB18: ='Tabel Offset'!K19 -> 8.144 | BC18: =BB18*BC$4 -> 32.576 | BD18: ='Tabel Offset'!L19 -> 8.144 | BE18: =BD18*BE$4 -> 8.144 | BF18: =SUM(BA18,BC18,BE18) -> 48.864 | BG18: =2*1/3*BF$2*BF18 -> 16.288 | BH18: =BG18+AV18 -> 64.889933 | BJ18: ='Tabel Offset'!$A19 -> 10 | BK18: =IF(BJ18="AP",0,IF(BJ18="FP",'Tabel Offset'!$AA$4,BJ18/20*'Tabel Offset'!$AA$4)) -> 47.535 | BL18: ='Tabel Offset'!L19 -> 8.144 | BM18: =BL18*BM$4 -> 8.144 | BN18: ='Tabel Offset'!M19 -> 8.144 | BO18: =BN18*BO$4 -> 32.576 | BP18: ='Tabel Offset'!N19 -> 8.144 | BQ18: =BP18*BQ$4 -> 8.144 | BR18: =SUM(BM18,BO18,BQ18) -> 48.864 | BS18: =2*1/3*BR$2*BR18 -> 16.288 | BT18: =BS18+BH18 -> 81.177933 | BV18: ='Tabel Offset'!$A19 -> 10 | BW18: =IF(BV18="AP",0,IF(BV18="FP",'Tabel Offset'!$AA$4,BV18/20*'Tabel Offset'!$AA$4)) -> 47.535 | BX18: ='Tabel Offset'!N19 -> 8.144 | BY18: =BX18*BY$4 -> 8.144 | BZ18: ='Tabel Offset'!O19 -> 8.144 | CA18: =BZ18*CA$4 -> 32.576 | CB18: ='Tabel Offset'!P19 -> 8.144 | CC18: =CB18*CC$4 -> 8.144 | CD18: =SUM(BY18,CA18,CC18) -> 48.864 | CE18: =2*1/3*CD$2*CD18 -> 16.288 | CF18: =CE18+BT18 -> 97.465933 | CH18: ='Tabel Offset'!$A19 -> 10 | CI18: =IF(CH18="AP",0,IF(CH18="FP",'Tabel Offset'!$AA$4,CH18/20*'Tabel Offset'!$AA$4)) -> 47.535 | CJ18: ='Tabel Offset'!P19 -> 8.144 | CK18: =CJ18*CK$4 -> 8.144 | CL18: ='Tabel Offset'!Q19 -> 8.144 | CM18: =CL18*CM$4 -> 32.576 | CN18: ='Tabel Offset'!R19 -> 8.144 | CO18: =CN18*CO$4 -> 8.144 | CP18: =SUM(CK18,CM18,CO18) -> 48.864 | CQ18: =2*1/3*CP$2*CP18 -> 8.144 | CR18: =CQ18+CF18 -> 105.60993 | CT18: ='Tabel Offset'!$A19 -> 10 | CU18: =IF(CT18="AP",0,IF(CT18="FP",'Tabel Offset'!$AA$4,CT18/20*'Tabel Offset'!$AA$4)) -> 47.535 | CV18: ='Tabel Offset'!R19 -> 8.144 | CW18: =CV18*CW$4 -> 8.144 | CX18: ='Tabel Offset'!S19 -> 8.144 | CY18: =CX18*CY$4 -> 32.576 | CZ18: ='Tabel Offset'!T19 -> 8.144 | DA18: =CZ18*DA$4 -> 8.144 | DB18: =SUM(CW18,CY18,DA18) -> 48.864 | DC18: =2*1/3*DB$2*DB18 -> 11.4016 | DD18: =DC18+CR18 -> 117.01153 | DF18: ='Tabel Offset'!$A19 -> 10 | DG18: =IF(DF18="AP",0,IF(DF18="FP",'Tabel Offset'!$AA$4,DF18/20*'Tabel Offset'!$AA$4)) -> 47.535 | DH18: ='Tabel Offset'!T19 -> 8.144 | DI18: =DH18*DI$4 -> 8.144 | DJ18: ='Tabel Offset'!U19 -> 8.144 | DK18: =DJ18*DK$4 -> 32.576 | DL18: ='Tabel Offset'!V19 -> 8.144 | DM18: =DL18*DM$4 -> 8.144 | DN18: =SUM(DI18,DK18,DM18) -> 48.864 | DO18: =2*1/3*DN$2*DN18 -> 11.4016 | DP18: =DO18+DD18 -> 128.41313 | DR18: ='Tabel Offset'!$A19 -> 10 | DS18: =IF(DR18="AP",0,IF(DR18="FP",'Tabel Offset'!$AA$4,DR18/20*'Tabel Offset'!$AA$4)) -> 47.535 | DT18: ='Tabel Offset'!V19 -> 8.144 | DU18: =DT18*DU$4 -> 8.144 | DV18: 8.144 | DW18: =DV18*DW$4 -> 32.576 | DX18: =(EA18-DT$2)/2+DT$2 -> 7.9134 | DY18: 7.223 | DZ18: =DY18*DZ$4 -> 7.223 | EA18: 7.9268 | EB18: =SUM(DU18,DW18,DZ18) -> 47.943 | EC18: =2*1/3*((EA18-DT$2)/2)*EB18 -> 0.4282908 | ED18: =EC18+DP18 -> 128.84142
B19: ='Tabel Offset'!$A20 -> 11 | C19: =IF(B19="AP",0,IF(B19="FP",'Tabel Offset'!$AA$4,B19/20*'Tabel Offset'!$AA$4)) -> 52.2885 | D19: ='Tabel Offset'!B20 -> 6.5716 | E19: =D19*E$4 -> 6.5716 | F19: ='Tabel Offset'!C20 -> 8.144 | G19: =F19*G$4 -> 32.576 | H19: ='Tabel Offset'!D20 -> 8.144 | I19: =H19*I$4 -> 8.144 | J19: =SUM(E19,G19,I19) -> 47.2916 | K19: =2*1/3*J$2*J19 -> 7.8819333 | L19: =K19 -> 7.8819333 | N19: ='Tabel Offset'!$A20 -> 11 | O19: =IF(N19="AP",0,IF(N19="FP",'Tabel Offset'!$AA$4,N19/20*'Tabel Offset'!$AA$4)) -> 52.2885 | P19: ='Tabel Offset'!D19 -> 8.144 | Q19: =P19*Q$4 -> 8.144 | R19: ='Tabel Offset'!E20 -> 8.144 | S19: =R19*S$4 -> 32.576 | T19: ='Tabel Offset'!F20 -> 8.144 | U19: =T19*U$4 -> 8.144 | V19: =SUM(Q19,S19,U19) -> 48.864 | W19: =2*1/3*V$2*V19 -> 8.144 | X19: =W19+L19 -> 16.025933 | Z19: ='Tabel Offset'!$A20 -> 11 | AA19: =IF(Z19="AP",0,IF(Z19="FP",'Tabel Offset'!$AA$4,Z19/20*'Tabel Offset'!$AA$4)) -> 52.2885 | AB19: ='Tabel Offset'!F20 -> 8.144 | AC19: =AB19*AC$4 -> 8.144 | AD19: ='Tabel Offset'!G20 -> 8.144 | AE19: =AD19*AE$4 -> 32.576 | AF19: ='Tabel Offset'!H20 -> 8.144 | AG19: =AF19*AG$4 -> 8.144 | AH19: =SUM(AC19,AE19,AG19) -> 48.864 | AI19: =2*1/3*AH$2*AH19 -> 16.288 | AJ19: =AI19+X19 -> 32.313933 | AL19: ='Tabel Offset'!$A20 -> 11 | AM19: =IF(AL19="AP",0,IF(AL19="FP",'Tabel Offset'!$AA$4,AL19/20*'Tabel Offset'!$AA$4)) -> 52.2885 | AN19: ='Tabel Offset'!H20 -> 8.144 | AO19: =AN19*AO$4 -> 8.144 | AP19: ='Tabel Offset'!I20 -> 8.144 | AQ19: =AP19*AQ$4 -> 32.576 | AR19: ='Tabel Offset'!J20 -> 8.144 | AS19: =AR19*AS$4 -> 8.144 | AT19: =SUM(AO19,AQ19,AS19) -> 48.864 | AU19: =2*1/3*AT$2*AT19 -> 16.288 | AV19: =AU19+AJ19 -> 48.601933 | AX19: ='Tabel Offset'!$A20 -> 11 | AY19: =IF(AX19="AP",0,IF(AX19="FP",'Tabel Offset'!$AA$4,AX19/20*'Tabel Offset'!$AA$4)) -> 52.2885 | AZ19: ='Tabel Offset'!J20 -> 8.144 | BA19: =AZ19*BA$4 -> 8.144 | BB19: ='Tabel Offset'!K20 -> 8.144 | BC19: =BB19*BC$4 -> 32.576 | BD19: ='Tabel Offset'!L20 -> 8.144 | BE19: =BD19*BE$4 -> 8.144 | BF19: =SUM(BA19,BC19,BE19) -> 48.864 | BG19: =2*1/3*BF$2*BF19 -> 16.288 | BH19: =BG19+AV19 -> 64.889933 | BJ19: ='Tabel Offset'!$A20 -> 11 | BK19: =IF(BJ19="AP",0,IF(BJ19="FP",'Tabel Offset'!$AA$4,BJ19/20*'Tabel Offset'!$AA$4)) -> 52.2885 | BL19: ='Tabel Offset'!L20 -> 8.144 | BM19: =BL19*BM$4 -> 8.144 | BN19: ='Tabel Offset'!M20 -> 8.144 | BO19: =BN19*BO$4 -> 32.576 | BP19: ='Tabel Offset'!N20 -> 8.144 | BQ19: =BP19*BQ$4 -> 8.144 | BR19: =SUM(BM19,BO19,BQ19) -> 48.864 | BS19: =2*1/3*BR$2*BR19 -> 16.288 | BT19: =BS19+BH19 -> 81.177933 | BV19: ='Tabel Offset'!$A20 -> 11 | BW19: =IF(BV19="AP",0,IF(BV19="FP",'Tabel Offset'!$AA$4,BV19/20*'Tabel Offset'!$AA$4)) -> 52.2885 | BX19: ='Tabel Offset'!N20 -> 8.144 | BY19: =BX19*BY$4 -> 8.144 | BZ19: ='Tabel Offset'!O20 -> 8.144 | CA19: =BZ19*CA$4 -> 32.576 | CB19: ='Tabel Offset'!P20 -> 8.144 | CC19: =CB19*CC$4 -> 8.144 | CD19: =SUM(BY19,CA19,CC19) -> 48.864 | CE19: =2*1/3*CD$2*CD19 -> 16.288 | CF19: =CE19+BT19 -> 97.465933 | CH19: ='Tabel Offset'!$A20 -> 11 | CI19: =IF(CH19="AP",0,IF(CH19="FP",'Tabel Offset'!$AA$4,CH19/20*'Tabel Offset'!$AA$4)) -> 52.2885 | CJ19: ='Tabel Offset'!P20 -> 8.144 | CK19: =CJ19*CK$4 -> 8.144 | CL19: ='Tabel Offset'!Q20 -> 8.144 | CM19: =CL19*CM$4 -> 32.576 | CN19: ='Tabel Offset'!R20 -> 8.144 | CO19: =CN19*CO$4 -> 8.144 | CP19: =SUM(CK19,CM19,CO19) -> 48.864 | CQ19: =2*1/3*CP$2*CP19 -> 8.144 | CR19: =CQ19+CF19 -> 105.60993 | CT19: ='Tabel Offset'!$A20 -> 11 | CU19: =IF(CT19="AP",0,IF(CT19="FP",'Tabel Offset'!$AA$4,CT19/20*'Tabel Offset'!$AA$4)) -> 52.2885 | CV19: ='Tabel Offset'!R20 -> 8.144 | CW19: =CV19*CW$4 -> 8.144 | CX19: ='Tabel Offset'!S20 -> 8.144 | CY19: =CX19*CY$4 -> 32.576 | CZ19: ='Tabel Offset'!T20 -> 8.144 | DA19: =CZ19*DA$4 -> 8.144 | DB19: =SUM(CW19,CY19,DA19) -> 48.864 | DC19: =2*1/3*DB$2*DB19 -> 11.4016 | DD19: =DC19+CR19 -> 117.01153 | DF19: ='Tabel Offset'!$A20 -> 11 | DG19: =IF(DF19="AP",0,IF(DF19="FP",'Tabel Offset'!$AA$4,DF19/20*'Tabel Offset'!$AA$4)) -> 52.2885 | DH19: ='Tabel Offset'!T20 -> 8.144 | DI19: =DH19*DI$4 -> 8.144 | DJ19: ='Tabel Offset'!U20 -> 8.144 | DK19: =DJ19*DK$4 -> 32.576 | DL19: ='Tabel Offset'!V20 -> 8.144 | DM19: =DL19*DM$4 -> 8.144 | DN19: =SUM(DI19,DK19,DM19) -> 48.864 | DO19: =2*1/3*DN$2*DN19 -> 11.4016 | DP19: =DO19+DD19 -> 128.41313 | DR19: ='Tabel Offset'!$A20 -> 11 | DS19: =IF(DR19="AP",0,IF(DR19="FP",'Tabel Offset'!$AA$4,DR19/20*'Tabel Offset'!$AA$4)) -> 52.2885 | DT19: ='Tabel Offset'!V20 -> 8.144 | DU19: =DT19*DU$4 -> 8.144 | DV19: 8.144 | DW19: =DV19*DW$4 -> 32.576 | DX19: =(EA19-DT$2)/2+DT$2 -> 7.92065 | DY19: 7.223 | DZ19: =DY19*DZ$4 -> 7.223 | EA19: 7.9413 | EB19: =SUM(DU19,DW19,DZ19) -> 47.943 | EC19: =2*1/3*((EA19-DT$2)/2)*EB19 -> 0.6600153 | ED19: =EC19+DP19 -> 129.07315
B20: ='Tabel Offset'!$A21 -> 12 | C20: =IF(B20="AP",0,IF(B20="FP",'Tabel Offset'!$AA$4,B20/20*'Tabel Offset'!$AA$4)) -> 57.042 | D20: ='Tabel Offset'!B21 -> 6.5716 | E20: =D20*E$4 -> 6.5716 | F20: ='Tabel Offset'!C21 -> 8.144 | G20: =F20*G$4 -> 32.576 | H20: ='Tabel Offset'!D21 -> 8.144 | I20: =H20*I$4 -> 8.144 | J20: =SUM(E20,G20,I20) -> 47.2916 | K20: =2*1/3*J$2*J20 -> 7.8819333 | L20: =K20 -> 7.8819333 | N20: ='Tabel Offset'!$A21 -> 12 | O20: =IF(N20="AP",0,IF(N20="FP",'Tabel Offset'!$AA$4,N20/20*'Tabel Offset'!$AA$4)) -> 57.042 | P20: ='Tabel Offset'!D21 -> 8.144 | Q20: =P20*Q$4 -> 8.144 | R20: ='Tabel Offset'!E21 -> 8.144 | S20: =R20*S$4 -> 32.576 | T20: ='Tabel Offset'!F21 -> 8.144 | U20: =T20*U$4 -> 8.144 | V20: =SUM(Q20,S20,U20) -> 48.864 | W20: =2*1/3*V$2*V20 -> 8.144 | X20: =W20+L20 -> 16.025933 | Z20: ='Tabel Offset'!$A21 -> 12 | AA20: =IF(Z20="AP",0,IF(Z20="FP",'Tabel Offset'!$AA$4,Z20/20*'Tabel Offset'!$AA$4)) -> 57.042 | AB20: ='Tabel Offset'!F21 -> 8.144 | AC20: =AB20*AC$4 -> 8.144 | AD20: ='Tabel Offset'!G21 -> 8.144 | AE20: =AD20*AE$4 -> 32.576 | AF20: ='Tabel Offset'!H21 -> 8.144 | AG20: =AF20*AG$4 -> 8.144 | AH20: =SUM(AC20,AE20,AG20) -> 48.864 | AI20: =2*1/3*AH$2*AH20 -> 16.288 | AJ20: =AI20+X20 -> 32.313933 | AL20: ='Tabel Offset'!$A21 -> 12 | AM20: =IF(AL20="AP",0,IF(AL20="FP",'Tabel Offset'!$AA$4,AL20/20*'Tabel Offset'!$AA$4)) -> 57.042 | AN20: ='Tabel Offset'!H21 -> 8.144 | AO20: =AN20*AO$4 -> 8.144 | AP20: ='Tabel Offset'!I21 -> 8.144 | AQ20: =AP20*AQ$4 -> 32.576 | AR20: ='Tabel Offset'!J21 -> 8.144 | AS20: =AR20*AS$4 -> 8.144 | AT20: =SUM(AO20,AQ20,AS20) -> 48.864 | AU20: =2*1/3*AT$2*AT20 -> 16.288 | AV20: =AU20+AJ20 -> 48.601933 | AX20: ='Tabel Offset'!$A21 -> 12 | AY20: =IF(AX20="AP",0,IF(AX20="FP",'Tabel Offset'!$AA$4,AX20/20*'Tabel Offset'!$AA$4)) -> 57.042 | AZ20: ='Tabel Offset'!J21 -> 8.144 | BA20: =AZ20*BA$4 -> 8.144 | BB20: ='Tabel Offset'!K21 -> 8.144 | BC20: =BB20*BC$4 -> 32.576 | BD20: ='Tabel Offset'!L21 -> 8.144 | BE20: =BD20*BE$4 -> 8.144 | BF20: =SUM(BA20,BC20,BE20) -> 48.864 | BG20: =2*1/3*BF$2*BF20 -> 16.288 | BH20: =BG20+AV20 -> 64.889933 | BJ20: ='Tabel Offset'!$A21 -> 12 | BK20: =IF(BJ20="AP",0,IF(BJ20="FP",'Tabel Offset'!$AA$4,BJ20/20*'Tabel Offset'!$AA$4)) -> 57.042 | BL20: ='Tabel Offset'!L21 -> 8.144 | BM20: =BL20*BM$4 -> 8.144 | BN20: ='Tabel Offset'!M21 -> 8.144 | BO20: =BN20*BO$4 -> 32.576 | BP20: ='Tabel Offset'!N21 -> 8.144 | BQ20: =BP20*BQ$4 -> 8.144 | BR20: =SUM(BM20,BO20,BQ20) -> 48.864 | BS20: =2*1/3*BR$2*BR20 -> 16.288 | BT20: =BS20+BH20 -> 81.177933 | BV20: ='Tabel Offset'!$A21 -> 12 | BW20: =IF(BV20="AP",0,IF(BV20="FP",'Tabel Offset'!$AA$4,BV20/20*'Tabel Offset'!$AA$4)) -> 57.042 | BX20: ='Tabel Offset'!N21 -> 8.144 | BY20: =BX20*BY$4 -> 8.144 | BZ20: ='Tabel Offset'!O21 -> 8.144 | CA20: =BZ20*CA$4 -> 32.576 | CB20: ='Tabel Offset'!P21 -> 8.144 | CC20: =CB20*CC$4 -> 8.144 | CD20: =SUM(BY20,CA20,CC20) -> 48.864 | CE20: =2*1/3*CD$2*CD20 -> 16.288 | CF20: =CE20+BT20 -> 97.465933 | CH20: ='Tabel Offset'!$A21 -> 12 | CI20: =IF(CH20="AP",0,IF(CH20="FP",'Tabel Offset'!$AA$4,CH20/20*'Tabel Offset'!$AA$4)) -> 57.042 | CJ20: ='Tabel Offset'!P21 -> 8.144 | CK20: =CJ20*CK$4 -> 8.144 | CL20: ='Tabel Offset'!Q21 -> 8.144 | CM20: =CL20*CM$4 -> 32.576 | CN20: ='Tabel Offset'!R21 -> 8.144 | CO20: =CN20*CO$4 -> 8.144 | CP20: =SUM(CK20,CM20,CO20) -> 48.864 | CQ20: =2*1/3*CP$2*CP20 -> 8.144 | CR20: =CQ20+CF20 -> 105.60993 | CT20: ='Tabel Offset'!$A21 -> 12 | CU20: =IF(CT20="AP",0,IF(CT20="FP",'Tabel Offset'!$AA$4,CT20/20*'Tabel Offset'!$AA$4)) -> 57.042 | CV20: ='Tabel Offset'!R21 -> 8.144 | CW20: =CV20*CW$4 -> 8.144 | CX20: ='Tabel Offset'!S21 -> 8.144 | CY20: =CX20*CY$4 -> 32.576 | CZ20: ='Tabel Offset'!T21 -> 8.144 | DA20: =CZ20*DA$4 -> 8.144 | DB20: =SUM(CW20,CY20,DA20) -> 48.864 | DC20: =2*1/3*DB$2*DB20 -> 11.4016 | DD20: =DC20+CR20 -> 117.01153 | DF20: ='Tabel Offset'!$A21 -> 12 | DG20: =IF(DF20="AP",0,IF(DF20="FP",'Tabel Offset'!$AA$4,DF20/20*'Tabel Offset'!$AA$4)) -> 57.042 | DH20: ='Tabel Offset'!T21 -> 8.144 | DI20: =DH20*DI$4 -> 8.144 | DJ20: ='Tabel Offset'!U21 -> 8.144 | DK20: =DJ20*DK$4 -> 32.576 | DL20: ='Tabel Offset'!V21 -> 8.144 | DM20: =DL20*DM$4 -> 8.144 | DN20: =SUM(DI20,DK20,DM20) -> 48.864 | DO20: =2*1/3*DN$2*DN20 -> 11.4016 | DP20: =DO20+DD20 -> 128.41313 | DR20: ='Tabel Offset'!$A21 -> 12 | DS20: =IF(DR20="AP",0,IF(DR20="FP",'Tabel Offset'!$AA$4,DR20/20*'Tabel Offset'!$AA$4)) -> 57.042 | DT20: ='Tabel Offset'!V21 -> 8.144 | DU20: =DT20*DU$4 -> 8.144 | DV20: 8.144 | DW20: =DV20*DW$4 -> 32.576 | DX20: =(EA20-DT$2)/2+DT$2 -> 7.9721 | DY20: 7.222 | DZ20: =DY20*DZ$4 -> 7.222 | EA20: 8.0442 | EB20: =SUM(DU20,DW20,DZ20) -> 47.942 | EC20: =2*1/3*((EA20-DT$2)/2)*EB20 -> 2.3044121 | ED20: =EC20+DP20 -> 130.71755
B21: ='Tabel Offset'!$A22 -> 13 | C21: =IF(B21="AP",0,IF(B21="FP",'Tabel Offset'!$AA$4,B21/20*'Tabel Offset'!$AA$4)) -> 61.7955 | D21: ='Tabel Offset'!B22 -> 6.847 | E21: =D21*E$4 -> 6.847 | F21: ='Tabel Offset'!C22 -> 8.144 | G21: =F21*G$4 -> 32.576 | H21: ='Tabel Offset'!D22 -> 8.144 | I21: =H21*I$4 -> 8.144 | J21: =SUM(E21,G21,I21) -> 47.567 | K21: =2*1/3*J$2*J21 -> 7.9278333 | L21: =K21 -> 7.9278333 | N21: ='Tabel Offset'!$A22 -> 13 | O21: =IF(N21="AP",0,IF(N21="FP",'Tabel Offset'!$AA$4,N21/20*'Tabel Offset'!$AA$4)) -> 61.7955 | P21: ='Tabel Offset'!D21 -> 8.144 | Q21: =P21*Q$4 -> 8.144 | R21: ='Tabel Offset'!E22 -> 8.144 | S21: =R21*S$4 -> 32.576 | T21: ='Tabel Offset'!F22 -> 8.144 | U21: =T21*U$4 -> 8.144 | V21: =SUM(Q21,S21,U21) -> 48.864 | W21: =2*1/3*V$2*V21 -> 8.144 | X21: =W21+L21 -> 16.071833 | Z21: ='Tabel Offset'!$A22 -> 13 | AA21: =IF(Z21="AP",0,IF(Z21="FP",'Tabel Offset'!$AA$4,Z21/20*'Tabel Offset'!$AA$4)) -> 61.7955 | AB21: ='Tabel Offset'!F22 -> 8.144 | AC21: =AB21*AC$4 -> 8.144 | AD21: ='Tabel Offset'!G22 -> 8.144 | AE21: =AD21*AE$4 -> 32.576 | AF21: ='Tabel Offset'!H22 -> 8.144 | AG21: =AF21*AG$4 -> 8.144 | AH21: =SUM(AC21,AE21,AG21) -> 48.864 | AI21: =2*1/3*AH$2*AH21 -> 16.288 | AJ21: =AI21+X21 -> 32.359833 | AL21: ='Tabel Offset'!$A22 -> 13 | AM21: =IF(AL21="AP",0,IF(AL21="FP",'Tabel Offset'!$AA$4,AL21/20*'Tabel Offset'!$AA$4)) -> 61.7955 | AN21: ='Tabel Offset'!H22 -> 8.144 | AO21: =AN21*AO$4 -> 8.144 | AP21: ='Tabel Offset'!I22 -> 8.144 | AQ21: =AP21*AQ$4 -> 32.576 | AR21: ='Tabel Offset'!J22 -> 8.144 | AS21: =AR21*AS$4 -> 8.144 | AT21: =SUM(AO21,AQ21,AS21) -> 48.864 | AU21: =2*1/3*AT$2*AT21 -> 16.288 | AV21: =AU21+AJ21 -> 48.647833 | AX21: ='Tabel Offset'!$A22 -> 13 | AY21: =IF(AX21="AP",0,IF(AX21="FP",'Tabel Offset'!$AA$4,AX21/20*'Tabel Offset'!$AA$4)) -> 61.7955 | AZ21: ='Tabel Offset'!J22 -> 8.144 | BA21: =AZ21*BA$4 -> 8.144 | BB21: ='Tabel Offset'!K22 -> 8.144 | BC21: =BB21*BC$4 -> 32.576 | BD21: ='Tabel Offset'!L22 -> 8.144 | BE21: =BD21*BE$4 -> 8.144 | BF21: =SUM(BA21,BC21,BE21) -> 48.864 | BG21: =2*1/3*BF$2*BF21 -> 16.288 | BH21: =BG21+AV21 -> 64.935833 | BJ21: ='Tabel Offset'!$A22 -> 13 | BK21: =IF(BJ21="AP",0,IF(BJ21="FP",'Tabel Offset'!$AA$4,BJ21/20*'Tabel Offset'!$AA$4)) -> 61.7955 | BL21: ='Tabel Offset'!L22 -> 8.144 | BM21: =BL21*BM$4 -> 8.144 | BN21: ='Tabel Offset'!M22 -> 8.144 | BO21: =BN21*BO$4 -> 32.576 | BP21: ='Tabel Offset'!N22 -> 8.144 | BQ21: =BP21*BQ$4 -> 8.144 | BR21: =SUM(BM21,BO21,BQ21) -> 48.864 | BS21: =2*1/3*BR$2*BR21 -> 16.288 | BT21: =BS21+BH21 -> 81.223833 | BV21: ='Tabel Offset'!$A22 -> 13 | BW21: =IF(BV21="AP",0,IF(BV21="FP",'Tabel Offset'!$AA$4,BV21/20*'Tabel Offset'!$AA$4)) -> 61.7955 | BX21: ='Tabel Offset'!N22 -> 8.144 | BY21: =BX21*BY$4 -> 8.144 | BZ21: ='Tabel Offset'!O22 -> 8.144 | CA21: =BZ21*CA$4 -> 32.576 | CB21: ='Tabel Offset'!P22 -> 8.144 | CC21: =CB21*CC$4 -> 8.144 | CD21: =SUM(BY21,CA21,CC21) -> 48.864 | CE21: =2*1/3*CD$2*CD21 -> 16.288 | CF21: =CE21+BT21 -> 97.511833 | CH21: ='Tabel Offset'!$A22 -> 13 | CI21: =IF(CH21="AP",0,IF(CH21="FP",'Tabel Offset'!$AA$4,CH21/20*'Tabel Offset'!$AA$4)) -> 61.7955 | CJ21: ='Tabel Offset'!P22 -> 8.144 | CK21: =CJ21*CK$4 -> 8.144 | CL21: ='Tabel Offset'!Q22 -> 8.144 | CM21: =CL21*CM$4 -> 32.576 | CN21: ='Tabel Offset'!R22 -> 8.144 | CO21: =CN21*CO$4 -> 8.144 | CP21: =SUM(CK21,CM21,CO21) -> 48.864 | CQ21: =2*1/3*CP$2*CP21 -> 8.144 | CR21: =CQ21+CF21 -> 105.65583 | CT21: ='Tabel Offset'!$A22 -> 13 | CU21: =IF(CT21="AP",0,IF(CT21="FP",'Tabel Offset'!$AA$4,CT21/20*'Tabel Offset'!$AA$4)) -> 61.7955 | CV21: ='Tabel Offset'!R22 -> 8.144 | CW21: =CV21*CW$4 -> 8.144 | CX21: ='Tabel Offset'!S22 -> 8.144 | CY21: =CX21*CY$4 -> 32.576 | CZ21: ='Tabel Offset'!T22 -> 8.144 | DA21: =CZ21*DA$4 -> 8.144 | DB21: =SUM(CW21,CY21,DA21) -> 48.864 | DC21: =2*1/3*DB$2*DB21 -> 11.4016 | DD21: =DC21+CR21 -> 117.05743 | DF21: ='Tabel Offset'!$A22 -> 13 | DG21: =IF(DF21="AP",0,IF(DF21="FP",'Tabel Offset'!$AA$4,DF21/20*'Tabel Offset'!$AA$4)) -> 61.7955 | DH21: ='Tabel Offset'!T22 -> 8.144 | DI21: =DH21*DI$4 -> 8.144 | DJ21: ='Tabel Offset'!U22 -> 8.144 | DK21: =DJ21*DK$4 -> 32.576 | DL21: ='Tabel Offset'!V22 -> 8.144 | DM21: =DL21*DM$4 -> 8.144 | DN21: =SUM(DI21,DK21,DM21) -> 48.864 | DO21: =2*1/3*DN$2*DN21 -> 11.4016 | DP21: =DO21+DD21 -> 128.45903 | DR21: ='Tabel Offset'!$A22 -> 13 | DS21: =IF(DR21="AP",0,IF(DR21="FP",'Tabel Offset'!$AA$4,DR21/20*'Tabel Offset'!$AA$4)) -> 61.7955 | DT21: ='Tabel Offset'!V22 -> 8.144 | DU21: =DT21*DU$4 -> 8.144 | DV21: 8.144 | DW21: =DV21*DW$4 -> 32.576 | DX21: =(EA21-DT$2)/2+DT$2 -> 8.0441 | DY21: 7.214 | DZ21: =DY21*DZ$4 -> 7.214 | EA21: 8.1882 | EB21: =SUM(DU21,DW21,DZ21) -> 47.934 | EC21: =2*1/3*((EA21-DT$2)/2)*EB21 -> 4.6048596 | ED21: =EC21+DP21 -> 133.06389
B22: ='Tabel Offset'!$A23 -> 14 | C22: =IF(B22="AP",0,IF(B22="FP",'Tabel Offset'!$AA$4,B22/20*'Tabel Offset'!$AA$4)) -> 66.549 | D22: ='Tabel Offset'!B23 -> 6.697 | E22: =D22*E$4 -> 6.697 | F22: ='Tabel Offset'!C23 -> 7.821 | G22: =F22*G$4 -> 31.284 | H22: ='Tabel Offset'!D23 -> 8.0076 | I22: =H22*I$4 -> 8.0076 | J22: =SUM(E22,G22,I22) -> 45.9886 | K22: =2*1/3*J$2*J22 -> 7.6647667 | L22: =K22 -> 7.6647667 | N22: ='Tabel Offset'!$A23 -> 14 | O22: =IF(N22="AP",0,IF(N22="FP",'Tabel Offset'!$AA$4,N22/20*'Tabel Offset'!$AA$4)) -> 66.549 | P22: ='Tabel Offset'!D23 -> 8.0076 | Q22: =P22*Q$4 -> 8.0076 | R22: ='Tabel Offset'!E23 -> 8.084 | S22: =R22*S$4 -> 32.336 | T22: ='Tabel Offset'!F23 -> 8.1144 | U22: =T22*U$4 -> 8.1144 | V22: =SUM(Q22,S22,U22) -> 48.458 | W22: =2*1/3*V$2*V22 -> 8.0763333 | X22: =W22+L22 -> 15.7411 | Z22: ='Tabel Offset'!$A23 -> 14 | AA22: =IF(Z22="AP",0,IF(Z22="FP",'Tabel Offset'!$AA$4,Z22/20*'Tabel Offset'!$AA$4)) -> 66.549 | AB22: ='Tabel Offset'!F23 -> 8.1144 | AC22: =AB22*AC$4 -> 8.1144 | AD22: ='Tabel Offset'!G23 -> 8.1304 | AE22: =AD22*AE$4 -> 32.5216 | AF22: ='Tabel Offset'!H23 -> 8.1373 | AG22: =AF22*AG$4 -> 8.1373 | AH22: =SUM(AC22,AE22,AG22) -> 48.7733 | AI22: =2*1/3*AH$2*AH22 -> 16.257767 | AJ22: =AI22+X22 -> 31.998867 | AL22: ='Tabel Offset'!$A23 -> 14 | AM22: =IF(AL22="AP",0,IF(AL22="FP",'Tabel Offset'!$AA$4,AL22/20*'Tabel Offset'!$AA$4)) -> 66.549 | AN22: ='Tabel Offset'!H23 -> 8.1373 | AO22: =AN22*AO$4 -> 8.1373 | AP22: ='Tabel Offset'!I23 -> 8.1412 | AQ22: =AP22*AQ$4 -> 32.5648 | AR22: ='Tabel Offset'!J23 -> 8.1435 | AS22: =AR22*AS$4 -> 8.1435 | AT22: =SUM(AO22,AQ22,AS22) -> 48.8456 | AU22: =2*1/3*AT$2*AT22 -> 16.281867 | AV22: =AU22+AJ22 -> 48.280733 | AX22: ='Tabel Offset'!$A23 -> 14 | AY22: =IF(AX22="AP",0,IF(AX22="FP",'Tabel Offset'!$AA$4,AX22/20*'Tabel Offset'!$AA$4)) -> 66.549 | AZ22: ='Tabel Offset'!J23 -> 8.1435 | BA22: =AZ22*BA$4 -> 8.1435 | BB22: ='Tabel Offset'!K23 -> 8.144 | BC22: =BB22*BC$4 -> 32.576 | BD22: ='Tabel Offset'!L23 -> 8.144 | BE22: =BD22*BE$4 -> 8.144 | BF22: =SUM(BA22,BC22,BE22) -> 48.8635 | BG22: =2*1/3*BF$2*BF22 -> 16.287833 | BH22: =BG22+AV22 -> 64.568567 | BJ22: ='Tabel Offset'!$A23 -> 14 | BK22: =IF(BJ22="AP",0,IF(BJ22="FP",'Tabel Offset'!$AA$4,BJ22/20*'Tabel Offset'!$AA$4)) -> 66.549 | BL22: ='Tabel Offset'!L23 -> 8.144 | BM22: =BL22*BM$4 -> 8.144 | BN22: ='Tabel Offset'!M23 -> 8.144 | BO22: =BN22*BO$4 -> 32.576 | BP22: ='Tabel Offset'!N23 -> 8.144 | BQ22: =BP22*BQ$4 -> 8.144 | BR22: =SUM(BM22,BO22,BQ22) -> 48.864 | BS22: =2*1/3*BR$2*BR22 -> 16.288 | BT22: =BS22+BH22 -> 80.856567 | BV22: ='Tabel Offset'!$A23 -> 14 | BW22: =IF(BV22="AP",0,IF(BV22="FP",'Tabel Offset'!$AA$4,BV22/20*'Tabel Offset'!$AA$4)) -> 66.549 | BX22: ='Tabel Offset'!N23 -> 8.144 | BY22: =BX22*BY$4 -> 8.144 | BZ22: ='Tabel Offset'!O23 -> 8.144 | CA22: =BZ22*CA$4 -> 32.576 | CB22: ='Tabel Offset'!P23 -> 8.144 | CC22: =CB22*CC$4 -> 8.144 | CD22: =SUM(BY22,CA22,CC22) -> 48.864 | CE22: =2*1/3*CD$2*CD22 -> 16.288 | CF22: =CE22+BT22 -> 97.144567 | CH22: ='Tabel Offset'!$A23 -> 14 | CI22: =IF(CH22="AP",0,IF(CH22="FP",'Tabel Offset'!$AA$4,CH22/20*'Tabel Offset'!$AA$4)) -> 66.549 | CJ22: ='Tabel Offset'!P23 -> 8.144 | CK22: =CJ22*CK$4 -> 8.144 | CL22: ='Tabel Offset'!Q23 -> 8.144 | CM22: =CL22*CM$4 -> 32.576 | CN22: ='Tabel Offset'!R23 -> 8.144 | CO22: =CN22*CO$4 -> 8.144 | CP22: =SUM(CK22,CM22,CO22) -> 48.864 | CQ22: =2*1/3*CP$2*CP22 -> 8.144 | CR22: =CQ22+CF22 -> 105.28857 | CT22: ='Tabel Offset'!$A23 -> 14 | CU22: =IF(CT22="AP",0,IF(CT22="FP",'Tabel Offset'!$AA$4,CT22/20*'Tabel Offset'!$AA$4)) -> 66.549 | CV22: ='Tabel Offset'!R23 -> 8.144 | CW22: =CV22*CW$4 -> 8.144 | CX22: ='Tabel Offset'!S23 -> 8.144 | CY22: =CX22*CY$4 -> 32.576 | CZ22: ='Tabel Offset'!T23 -> 8.144 | DA22: =CZ22*DA$4 -> 8.144 | DB22: =SUM(CW22,CY22,DA22) -> 48.864 | DC22: =2*1/3*DB$2*DB22 -> 11.4016 | DD22: =DC22+CR22 -> 116.69017 | DF22: ='Tabel Offset'!$A23 -> 14 | DG22: =IF(DF22="AP",0,IF(DF22="FP",'Tabel Offset'!$AA$4,DF22/20*'Tabel Offset'!$AA$4)) -> 66.549 | DH22: ='Tabel Offset'!T23 -> 8.144 | DI22: =DH22*DI$4 -> 8.144 | DJ22: ='Tabel Offset'!U23 -> 8.144 | DK22: =DJ22*DK$4 -> 32.576 | DL22: ='Tabel Offset'!V23 -> 8.144 | DM22: =DL22*DM$4 -> 8.144 | DN22: =SUM(DI22,DK22,DM22) -> 48.864 | DO22: =2*1/3*DN$2*DN22 -> 11.4016 | DP22: =DO22+DD22 -> 128.09177 | DR22: ='Tabel Offset'!$A23 -> 14 | DS22: =IF(DR22="AP",0,IF(DR22="FP",'Tabel Offset'!$AA$4,DR22/20*'Tabel Offset'!$AA$4)) -> 66.549 | DT22: ='Tabel Offset'!V23 -> 8.144 | DU22: =DT22*DU$4 -> 8.144 | DV22: 8.144 | DW22: =DV22*DW$4 -> 32.576 | DX22: =(EA22-DT$2)/2+DT$2 -> 8.1471 | DY22: 7.182 | DZ22: =DY22*DZ$4 -> 7.182 | EA22: 8.3942 | EB22: =SUM(DU22,DW22,DZ22) -> 47.902 | EC22: =2*1/3*((EA22-DT$2)/2)*EB22 -> 7.8910561 | ED22: =EC22+DP22 -> 135.98282
B23: ='Tabel Offset'!$A24 -> 15 | C23: =IF(B23="AP",0,IF(B23="FP",'Tabel Offset'!$AA$4,B23/20*'Tabel Offset'!$AA$4)) -> 71.3025 | D23: ='Tabel Offset'!B24 -> 6.305 | E23: =D23*E$4 -> 6.305 | F23: ='Tabel Offset'!C24 -> 7.198 | G23: =F23*G$4 -> 28.792 | H23: ='Tabel Offset'!D24 -> 7.5349 | I23: =H23*I$4 -> 7.5349 | J23: =SUM(E23,G23,I23) -> 42.6319 | K23: =2*1/3*J$2*J23 -> 7.1053167 | L23: =K23 -> 7.1053167 | N23: ='Tabel Offset'!$A24 -> 15 | O23: =IF(N23="AP",0,IF(N23="FP",'Tabel Offset'!$AA$4,N23/20*'Tabel Offset'!$AA$4)) -> 71.3025 | P23: ='Tabel Offset'!D23 -> 8.0076 | Q23: =P23*Q$4 -> 8.0076 | R23: ='Tabel Offset'!E24 -> 7.7169 | S23: =R23*S$4 -> 30.8676 | T23: ='Tabel Offset'!F24 -> 7.8233 | U23: =T23*U$4 -> 7.8233 | V23: =SUM(Q23,S23,U23) -> 46.6985 | W23: =2*1/3*V$2*V23 -> 7.7830833 | X23: =W23+L23 -> 14.8884 | Z23: ='Tabel Offset'!$A24 -> 15 | AA23: =IF(Z23="AP",0,IF(Z23="FP",'Tabel Offset'!$AA$4,Z23/20*'Tabel Offset'!$AA$4)) -> 71.3025 | AB23: ='Tabel Offset'!F24 -> 7.8233 | AC23: =AB23*AC$4 -> 7.8233 | AD23: ='Tabel Offset'!G24 -> 7.9036 | AE23: =AD23*AE$4 -> 31.6144 | AF23: ='Tabel Offset'!H24 -> 7.9396 | AG23: =AF23*AG$4 -> 7.9396 | AH23: =SUM(AC23,AE23,AG23) -> 47.3773 | AI23: =2*1/3*AH$2*AH23 -> 15.792433 | AJ23: =AI23+X23 -> 30.680833 | AL23: ='Tabel Offset'!$A24 -> 15 | AM23: =IF(AL23="AP",0,IF(AL23="FP",'Tabel Offset'!$AA$4,AL23/20*'Tabel Offset'!$AA$4)) -> 71.3025 | AN23: ='Tabel Offset'!H24 -> 7.9396 | AO23: =AN23*AO$4 -> 7.9396 | AP23: ='Tabel Offset'!I24 -> 7.9703 | AQ23: =AP23*AQ$4 -> 31.8812 | AR23: ='Tabel Offset'!J24 -> 7.9987 | AS23: =AR23*AS$4 -> 7.9987 | AT23: =SUM(AO23,AQ23,AS23) -> 47.8195 | AU23: =2*1/3*AT$2*AT23 -> 15.939833 | AV23: =AU23+AJ23 -> 46.620667 | AX23: ='Tabel Offset'!$A24 -> 15 | AY23: =IF(AX23="AP",0,IF(AX23="FP",'Tabel Offset'!$AA$4,AX23/20*'Tabel Offset'!$AA$4)) -> 71.3025 | AZ23: ='Tabel Offset'!J24 -> 7.9987 | BA23: =AZ23*BA$4 -> 7.9987 | BB23: ='Tabel Offset'!K24 -> 8.0253 | BC23: =BB23*BC$4 -> 32.1012 | BD23: ='Tabel Offset'!L24 -> 8.0499 | BE23: =BD23*BE$4 -> 8.0499 | BF23: =SUM(BA23,BC23,BE23) -> 48.1498 | BG23: =2*1/3*BF$2*BF23 -> 16.049933 | BH23: =BG23+AV23 -> 62.6706 | BJ23: ='Tabel Offset'!$A24 -> 15 | BK23: =IF(BJ23="AP",0,IF(BJ23="FP",'Tabel Offset'!$AA$4,BJ23/20*'Tabel Offset'!$AA$4)) -> 71.3025 | BL23: ='Tabel Offset'!L24 -> 8.0499 | BM23: =BL23*BM$4 -> 8.0499 | BN23: ='Tabel Offset'!M24 -> 8.0716 | BO23: =BN23*BO$4 -> 32.2864 | BP23: ='Tabel Offset'!N24 -> 8.0895 | BQ23: =BP23*BQ$4 -> 8.0895 | BR23: =SUM(BM23,BO23,BQ23) -> 48.4258 | BS23: =2*1/3*BR$2*BR23 -> 16.141933 | BT23: =BS23+BH23 -> 78.812533 | BV23: ='Tabel Offset'!$A24 -> 15 | BW23: =IF(BV23="AP",0,IF(BV23="FP",'Tabel Offset'!$AA$4,BV23/20*'Tabel Offset'!$AA$4)) -> 71.3025 | BX23: ='Tabel Offset'!N24 -> 8.0895 | BY23: =BX23*BY$4 -> 8.0895 | BZ23: ='Tabel Offset'!O24 -> 8.1029 | CA23: =BZ23*CA$4 -> 32.4116 | CB23: ='Tabel Offset'!P24 -> 8.1125 | CC23: =CB23*CC$4 -> 8.1125 | CD23: =SUM(BY23,CA23,CC23) -> 48.6136 | CE23: =2*1/3*CD$2*CD23 -> 16.204533 | CF23: =CE23+BT23 -> 95.017067 | CH23: ='Tabel Offset'!$A24 -> 15 | CI23: =IF(CH23="AP",0,IF(CH23="FP",'Tabel Offset'!$AA$4,CH23/20*'Tabel Offset'!$AA$4)) -> 71.3025 | CJ23: ='Tabel Offset'!P24 -> 8.1125 | CK23: =CJ23*CK$4 -> 8.1125 | CL23: ='Tabel Offset'!Q24 -> 8.1164 | CM23: =CL23*CM$4 -> 32.4656 | CN23: ='Tabel Offset'!R24 -> 8.1198 | CO23: =CN23*CO$4 -> 8.1198 | CP23: =SUM(CK23,CM23,CO23) -> 48.6979 | CQ23: =2*1/3*CP$2*CP23 -> 8.1163167 | CR23: =CQ23+CF23 -> 103.13338 | CT23: ='Tabel Offset'!$A24 -> 15 | CU23: =IF(CT23="AP",0,IF(CT23="FP",'Tabel Offset'!$AA$4,CT23/20*'Tabel Offset'!$AA$4)) -> 71.3025 | CV23: ='Tabel Offset'!R24 -> 8.1198 | CW23: =CV23*CW$4 -> 8.1198 | CX23: ='Tabel Offset'!S24 -> 8.1239 | CY23: =CX23*CY$4 -> 32.4956 | CZ23: ='Tabel Offset'!T24 -> 8.1274 | DA23: =CZ23*DA$4 -> 8.1274 | DB23: =SUM(CW23,CY23,DA23) -> 48.7428 | DC23: =2*1/3*DB$2*DB23 -> 11.37332 | DD23: =DC23+CR23 -> 114.5067 | DF23: ='Tabel Offset'!$A24 -> 15 | DG23: =IF(DF23="AP",0,IF(DF23="FP",'Tabel Offset'!$AA$4,DF23/20*'Tabel Offset'!$AA$4)) -> 71.3025 | DH23: ='Tabel Offset'!T24 -> 8.1274 | DI23: =DH23*DI$4 -> 8.1274 | DJ23: ='Tabel Offset'!U24 -> 8.1303 | DK23: =DJ23*DK$4 -> 32.5212 | DL23: ='Tabel Offset'!V24 -> 8.1327 | DM23: =DL23*DM$4 -> 8.1327 | DN23: =SUM(DI23,DK23,DM23) -> 48.7813 | DO23: =2*1/3*DN$2*DN23 -> 11.382303 | DP23: =DO23+DD23 -> 125.88901 | DR23: ='Tabel Offset'!$A24 -> 15 | DS23: =IF(DR23="AP",0,IF(DR23="FP",'Tabel Offset'!$AA$4,DR23/20*'Tabel Offset'!$AA$4)) -> 71.3025 | DT23: ='Tabel Offset'!V24 -> 8.1327 | DU23: =DT23*DU$4 -> 8.1327 | DV23: 8.1344 | DW23: =DV23*DW$4 -> 32.5376 | DX23: =(EA23-DT$2)/2+DT$2 -> 8.25085 | DY23: 7.069 | DZ23: =DY23*DZ$4 -> 7.069 | EA23: 8.6017 | EB23: =SUM(DU23,DW23,DZ23) -> 47.7393 | EC23: =2*1/3*((EA23-DT$2)/2)*EB23 -> 11.166222 | ED23: =EC23+DP23 -> 137.05523
B24: ='Tabel Offset'!$A25 -> 16 | C24: =IF(B24="AP",0,IF(B24="FP",'Tabel Offset'!$AA$4,B24/20*'Tabel Offset'!$AA$4)) -> 76.056 | D24: ='Tabel Offset'!B25 -> 5.656 | E24: =D24*E$4 -> 5.656 | F24: ='Tabel Offset'!C25 -> 6.4987 | G24: =F24*G$4 -> 25.9948 | H24: ='Tabel Offset'!D25 -> 6.9375 | I24: =H24*I$4 -> 6.9375 | J24: =SUM(E24,G24,I24) -> 38.5883 | K24: =2*1/3*J$2*J24 -> 6.4313833 | L24: =K24 -> 6.4313833 | N24: ='Tabel Offset'!$A25 -> 16 | O24: =IF(N24="AP",0,IF(N24="FP",'Tabel Offset'!$AA$4,N24/20*'Tabel Offset'!$AA$4)) -> 76.056 | P24: ='Tabel Offset'!D25 -> 6.9375 | Q24: =P24*Q$4 -> 6.9375 | R24: ='Tabel Offset'!E25 -> 7.1731 | S24: =R24*S$4 -> 28.6924 | T24: ='Tabel Offset'!F25 -> 7.3153 | U24: =T24*U$4 -> 7.3153 | V24: =SUM(Q24,S24,U24) -> 42.9452 | W24: =2*1/3*V$2*V24 -> 7.1575333 | X24: =W24+L24 -> 13.588917 | Z24: ='Tabel Offset'!$A25 -> 16 | AA24: =IF(Z24="AP",0,IF(Z24="FP",'Tabel Offset'!$AA$4,Z24/20*'Tabel Offset'!$AA$4)) -> 76.056 | AB24: ='Tabel Offset'!F25 -> 7.3153 | AC24: =AB24*AC$4 -> 7.3153 | AD24: ='Tabel Offset'!G25 -> 7.4522 | AE24: =AD24*AE$4 -> 29.8088 | AF24: ='Tabel Offset'!H25 -> 7.5353 | AG24: =AF24*AG$4 -> 7.5353 | AH24: =SUM(AC24,AE24,AG24) -> 44.6594 | AI24: =2*1/3*AH$2*AH24 -> 14.886467 | AJ24: =AI24+X24 -> 28.475383 | AL24: ='Tabel Offset'!$A25 -> 16 | AM24: =IF(AL24="AP",0,IF(AL24="FP",'Tabel Offset'!$AA$4,AL24/20*'Tabel Offset'!$AA$4)) -> 76.056 | AN24: ='Tabel Offset'!H25 -> 7.5353 | AO24: =AN24*AO$4 -> 7.5353 | AP24: ='Tabel Offset'!I25 -> 7.599 | AQ24: =AP24*AQ$4 -> 30.396 | AR24: ='Tabel Offset'!J25 -> 7.6514 | AS24: =AR24*AS$4 -> 7.6514 | AT24: =SUM(AO24,AQ24,AS24) -> 45.5827 | AU24: =2*1/3*AT$2*AT24 -> 15.194233 | AV24: =AU24+AJ24 -> 43.669617 | AX24: ='Tabel Offset'!$A25 -> 16 | AY24: =IF(AX24="AP",0,IF(AX24="FP",'Tabel Offset'!$AA$4,AX24/20*'Tabel Offset'!$AA$4)) -> 76.056 | AZ24: ='Tabel Offset'!J25 -> 7.6514 | BA24: =AZ24*BA$4 -> 7.6514 | BB24: ='Tabel Offset'!K25 -> 7.7002 | BC24: =BB24*BC$4 -> 30.8008 | BD24: ='Tabel Offset'!L25 -> 7.7468 | BE24: =BD24*BE$4 -> 7.7468 | BF24: =SUM(BA24,BC24,BE24) -> 46.199 | BG24: =2*1/3*BF$2*BF24 -> 15.399667 | BH24: =BG24+AV24 -> 59.069283 | BJ24: ='Tabel Offset'!$A25 -> 16 | BK24: =IF(BJ24="AP",0,IF(BJ24="FP",'Tabel Offset'!$AA$4,BJ24/20*'Tabel Offset'!$AA$4)) -> 76.056 | BL24: ='Tabel Offset'!L25 -> 7.7468 | BM24: =BL24*BM$4 -> 7.7468 | BN24: ='Tabel Offset'!M25 -> 7.7909 | BO24: =BN24*BO$4 -> 31.1636 | BP24: ='Tabel Offset'!N25 -> 7.8337 | BQ24: =BP24*BQ$4 -> 7.8337 | BR24: =SUM(BM24,BO24,BQ24) -> 46.7441 | BS24: =2*1/3*BR$2*BR24 -> 15.581367 | BT24: =BS24+BH24 -> 74.65065 | BV24: ='Tabel Offset'!$A25 -> 16 | BW24: =IF(BV24="AP",0,IF(BV24="FP",'Tabel Offset'!$AA$4,BV24/20*'Tabel Offset'!$AA$4)) -> 76.056 | BX24: ='Tabel Offset'!N25 -> 7.8337 | BY24: =BX24*BY$4 -> 7.8337 | BZ24: ='Tabel Offset'!O25 -> 7.8756 | CA24: =BZ24*CA$4 -> 31.5024 | CB24: ='Tabel Offset'!P25 -> 7.9148 | CC24: =CB24*CC$4 -> 7.9148 | CD24: =SUM(BY24,CA24,CC24) -> 47.2509 | CE24: =2*1/3*CD$2*CD24 -> 15.7503 | CF24: =CE24+BT24 -> 90.40095 | CH24: ='Tabel Offset'!$A25 -> 16 | CI24: =IF(CH24="AP",0,IF(CH24="FP",'Tabel Offset'!$AA$4,CH24/20*'Tabel Offset'!$AA$4)) -> 76.056 | CJ24: ='Tabel Offset'!P25 -> 7.9148 | CK24: =CJ24*CK$4 -> 7.9148 | CL24: ='Tabel Offset'!Q25 -> 7.9328 | CM24: =CL24*CM$4 -> 31.7312 | CN24: ='Tabel Offset'!R25 -> 7.9492 | CO24: =CN24*CO$4 -> 7.9492 | CP24: =SUM(CK24,CM24,CO24) -> 47.5952 | CQ24: =2*1/3*CP$2*CP24 -> 7.9325333 | CR24: =CQ24+CF24 -> 98.333483 | CT24: ='Tabel Offset'!$A25 -> 16 | CU24: =IF(CT24="AP",0,IF(CT24="FP",'Tabel Offset'!$AA$4,CT24/20*'Tabel Offset'!$AA$4)) -> 76.056 | CV24: ='Tabel Offset'!R25 -> 7.9492 | CW24: =CV24*CW$4 -> 7.9492 | CX24: ='Tabel Offset'!S25 -> 7.9697 | CY24: =CX24*CY$4 -> 31.8788 | CZ24: ='Tabel Offset'!T25 -> 7.9575 | DA24: =CZ24*DA$4 -> 7.9575 | DB24: =SUM(CW24,CY24,DA24) -> 47.7855 | DC24: =2*1/3*DB$2*DB24 -> 11.14995 | DD24: =DC24+CR24 -> 109.48343 | DF24: ='Tabel Offset'!$A25 -> 16 | DG24: =IF(DF24="AP",0,IF(DF24="FP",'Tabel Offset'!$AA$4,DF24/20*'Tabel Offset'!$AA$4)) -> 76.056 | DH24: ='Tabel Offset'!T25 -> 7.9575 | DI24: =DH24*DI$4 -> 7.9575 | DJ24: ='Tabel Offset'!U25 -> 8.0032 | DK24: =DJ24*DK$4 -> 32.0128 | DL24: ='Tabel Offset'!V25 -> 8.0168 | DM24: =DL24*DM$4 -> 8.0168 | DN24: =SUM(DI24,DK24,DM24) -> 47.9871 | DO24: =2*1/3*DN$2*DN24 -> 11.19699 | DP24: =DO24+DD24 -> 120.68042 | DR24: ='Tabel Offset'!$A25 -> 16 | DS24: =IF(DR24="AP",0,IF(DR24="FP",'Tabel Offset'!$AA$4,DR24/20*'Tabel Offset'!$AA$4)) -> 76.056 | DT24: ='Tabel Offset'!V25 -> 8.0168 | DU24: =DT24*DU$4 -> 8.0168 | DV24: 8.0304 | DW24: =DV24*DW$4 -> 32.1216 | DX24: =(EA24-DT$2)/2+DT$2 -> 8.3557 | DY24: 6.771 | DZ24: =DY24*DZ$4 -> 6.771 | EA24: 8.8114 | EB24: =SUM(DU24,DW24,DZ24) -> 46.9094 | EC24: =2*1/3*((EA24-DT$2)/2)*EB24 -> 14.251076 | ED24: =EC24+DP24 -> 134.9315
B25: ='Tabel Offset'!$A26 -> 17 | C25: =IF(B25="AP",0,IF(B25="FP",'Tabel Offset'!$AA$4,B25/20*'Tabel Offset'!$AA$4)) -> 80.8095 | D25: ='Tabel Offset'!B26 -> 4.673 | E25: =D25*E$4 -> 4.673 | F25: ='Tabel Offset'!C26 -> 5.6068 | G25: =F25*G$4 -> 22.4272 | H25: ='Tabel Offset'!D26 -> 6.0399 | I25: =H25*I$4 -> 6.0399 | J25: =SUM(E25,G25,I25) -> 33.1401 | K25: =2*1/3*J$2*J25 -> 5.52335 | L25: =K25 -> 5.52335 | N25: ='Tabel Offset'!$A26 -> 17 | O25: =IF(N25="AP",0,IF(N25="FP",'Tabel Offset'!$AA$4,N25/20*'Tabel Offset'!$AA$4)) -> 80.8095 | P25: ='Tabel Offset'!D25 -> 6.9375 | Q25: =P25*Q$4 -> 6.9375 | R25: ='Tabel Offset'!E26 -> 6.2977 | S25: =R25*S$4 -> 25.1908 | T25: ='Tabel Offset'!F26 -> 6.465 | U25: =T25*U$4 -> 6.465 | V25: =SUM(Q25,S25,U25) -> 38.5933 | W25: =2*1/3*V$2*V25 -> 6.4322167 | X25: =W25+L25 -> 11.955567 | Z25: ='Tabel Offset'!$A26 -> 17 | AA25: =IF(Z25="AP",0,IF(Z25="FP",'Tabel Offset'!$AA$4,Z25/20*'Tabel Offset'!$AA$4)) -> 80.8095 | AB25: ='Tabel Offset'!F26 -> 6.465 | AC25: =AB25*AC$4 -> 6.465 | AD25: ='Tabel Offset'!G26 -> 6.6569 | AE25: =AD25*AE$4 -> 26.6276 | AF25: ='Tabel Offset'!H26 -> 6.7866 | AG25: =AF25*AG$4 -> 6.7866 | AH25: =SUM(AC25,AE25,AG25) -> 39.8792 | AI25: =2*1/3*AH$2*AH25 -> 13.293067 | AJ25: =AI25+X25 -> 25.248633 | AL25: ='Tabel Offset'!$A26 -> 17 | AM25: =IF(AL25="AP",0,IF(AL25="FP",'Tabel Offset'!$AA$4,AL25/20*'Tabel Offset'!$AA$4)) -> 80.8095 | AN25: ='Tabel Offset'!H26 -> 6.7866 | AO25: =AN25*AO$4 -> 6.7866 | AP25: ='Tabel Offset'!I26 -> 6.8988 | AQ25: =AP25*AQ$4 -> 27.5952 | AR25: ='Tabel Offset'!J26 -> 6.9985 | AS25: =AR25*AS$4 -> 6.9985 | AT25: =SUM(AO25,AQ25,AS25) -> 41.3803 | AU25: =2*1/3*AT$2*AT25 -> 13.793433 | AV25: =AU25+AJ25 -> 39.042067 | AX25: ='Tabel Offset'!$A26 -> 17 | AY25: =IF(AX25="AP",0,IF(AX25="FP",'Tabel Offset'!$AA$4,AX25/20*'Tabel Offset'!$AA$4)) -> 80.8095 | AZ25: ='Tabel Offset'!J26 -> 6.9985 | BA25: =AZ25*BA$4 -> 6.9985 | BB25: ='Tabel Offset'!K26 -> 7.0843 | BC25: =BB25*BC$4 -> 28.3372 | BD25: ='Tabel Offset'!L26 -> 7.1575 | BE25: =BD25*BE$4 -> 7.1575 | BF25: =SUM(BA25,BC25,BE25) -> 42.4932 | BG25: =2*1/3*BF$2*BF25 -> 14.1644 | BH25: =BG25+AV25 -> 53.206467 | BJ25: ='Tabel Offset'!$A26 -> 17 | BK25: =IF(BJ25="AP",0,IF(BJ25="FP",'Tabel Offset'!$AA$4,BJ25/20*'Tabel Offset'!$AA$4)) -> 80.8095 | BL25: ='Tabel Offset'!L26 -> 7.1575 | BM25: =BL25*BM$4 -> 7.1575 | BN25: ='Tabel Offset'!M26 -> 7.2222 | BO25: =BN25*BO$4 -> 28.8888 | BP25: ='Tabel Offset'!N26 -> 7.281 | BQ25: =BP25*BQ$4 -> 7.281 | BR25: =SUM(BM25,BO25,BQ25) -> 43.3273 | BS25: =2*1/3*BR$2*BR25 -> 14.442433 | BT25: =BS25+BH25 -> 67.6489 | BV25: ='Tabel Offset'!$A26 -> 17 | BW25: =IF(BV25="AP",0,IF(BV25="FP",'Tabel Offset'!$AA$4,BV25/20*'Tabel Offset'!$AA$4)) -> 80.8095 | BX25: ='Tabel Offset'!N26 -> 7.281 | BY25: =BX25*BY$4 -> 7.281 | BZ25: ='Tabel Offset'!O26 -> 7.3356 | CA25: =BZ25*CA$4 -> 29.3424 | CB25: ='Tabel Offset'!P26 -> 7.3863 | CC25: =CB25*CC$4 -> 7.3863 | CD25: =SUM(BY25,CA25,CC25) -> 44.0097 | CE25: =2*1/3*CD$2*CD25 -> 14.6699 | CF25: =CE25+BT25 -> 82.3188 | CH25: ='Tabel Offset'!$A26 -> 17 | CI25: =IF(CH25="AP",0,IF(CH25="FP",'Tabel Offset'!$AA$4,CH25/20*'Tabel Offset'!$AA$4)) -> 80.8095 | CJ25: ='Tabel Offset'!P26 -> 7.3863 | CK25: =CJ25*CK$4 -> 7.3863 | CL25: ='Tabel Offset'!Q26 -> 7.4102 | CM25: =CL25*CM$4 -> 29.6408 | CN25: ='Tabel Offset'!R26 -> 7.4332 | CO25: =CN25*CO$4 -> 7.4332 | CP25: =SUM(CK25,CM25,CO25) -> 44.4603 | CQ25: =2*1/3*CP$2*CP25 -> 7.41005 | CR25: =CQ25+CF25 -> 89.72885 | CT25: ='Tabel Offset'!$A26 -> 17 | CU25: =IF(CT25="AP",0,IF(CT25="FP",'Tabel Offset'!$AA$4,CT25/20*'Tabel Offset'!$AA$4)) -> 80.8095 | CV25: ='Tabel Offset'!R26 -> 7.4332 | CW25: =CV25*CW$4 -> 7.4332 | CX25: ='Tabel Offset'!S26 -> 7.4639 | CY25: =CX25*CY$4 -> 29.8556 | CZ25: ='Tabel Offset'!T26 -> 7.493 | DA25: =CZ25*DA$4 -> 7.493 | DB25: =SUM(CW25,CY25,DA25) -> 44.7818 | DC25: =2*1/3*DB$2*DB25 -> 10.449087 | DD25: =DC25+CR25 -> 100.17794 | DF25: ='Tabel Offset'!$A26 -> 17 | DG25: =IF(DF25="AP",0,IF(DF25="FP",'Tabel Offset'!$AA$4,DF25/20*'Tabel Offset'!$AA$4)) -> 80.8095 | DH25: ='Tabel Offset'!T26 -> 7.493 | DI25: =DH25*DI$4 -> 7.493 | DJ25: ='Tabel Offset'!U26 -> 7.5208 | DK25: =DJ25*DK$4 -> 30.0832 | DL25: ='Tabel Offset'!V26 -> 7.5473 | DM25: =DL25*DM$4 -> 7.5473 | DN25: =SUM(DI25,DK25,DM25) -> 45.1235 | DO25: =2*1/3*DN$2*DN25 -> 10.528817 | DP25: =DO25+DD25 -> 110.70675 | DR25: ='Tabel Offset'!$A26 -> 17 | DS25: =IF(DR25="AP",0,IF(DR25="FP",'Tabel Offset'!$AA$4,DR25/20*'Tabel Offset'!$AA$4)) -> 80.8095 | DT25: ='Tabel Offset'!V26 -> 7.5473 | DU25: =DT25*DU$4 -> 7.5473 | DV25: 7.5864 | DW25: =DV25*DW$4 -> 30.3456 | DX25: =(EA25-DT$2)/2+DT$2 -> 8.4945 | DY25: 6.187 | DZ25: =DY25*DZ$4 -> 6.187 | EA25: 9.089 | EB25: =SUM(DU25,DW25,DZ25) -> 44.0799 | EC25: =2*1/3*((EA25-DT$2)/2)*EB25 -> 17.470334 | ED25: =EC25+DP25 -> 128.17709
B26: ='Tabel Offset'!$A27 -> 18 | C26: =IF(B26="AP",0,IF(B26="FP",'Tabel Offset'!$AA$4,B26/20*'Tabel Offset'!$AA$4)) -> 85.563 | D26: ='Tabel Offset'!B27 -> 3.179 | E26: =D26*E$4 -> 3.179 | F26: ='Tabel Offset'!C27 -> 4.3306 | G26: =F26*G$4 -> 17.3224 | H26: ='Tabel Offset'!D27 -> 4.6711 | I26: =H26*I$4 -> 4.6711 | J26: =SUM(E26,G26,I26) -> 25.1725 | K26: =2*1/3*J$2*J26 -> 4.1954167 | L26: =K26 -> 4.1954167 | N26: ='Tabel Offset'!$A27 -> 18 | O26: =IF(N26="AP",0,IF(N26="FP",'Tabel Offset'!$AA$4,N26/20*'Tabel Offset'!$AA$4)) -> 85.563 | P26: ='Tabel Offset'!D27 -> 4.6711 | Q26: =P26*Q$4 -> 4.6711 | R26: ='Tabel Offset'!E27 -> 4.8921 | S26: =R26*S$4 -> 19.5684 | T26: ='Tabel Offset'!F27 -> 5.0569 | U26: =T26*U$4 -> 5.0569 | V26: =SUM(Q26,S26,U26) -> 29.2964 | W26: =2*1/3*V$2*V26 -> 4.8827333 | X26: =W26+L26 -> 9.07815 | Z26: ='Tabel Offset'!$A27 -> 18 | AA26: =IF(Z26="AP",0,IF(Z26="FP",'Tabel Offset'!$AA$4,Z26/20*'Tabel Offset'!$AA$4)) -> 85.563 | AB26: ='Tabel Offset'!F27 -> 5.0569 | AC26: =AB26*AC$4 -> 5.0569 | AD26: ='Tabel Offset'!G27 -> 5.2984 | AE26: =AD26*AE$4 -> 21.1936 | AF26: ='Tabel Offset'!H27 -> 5.4753 | AG26: =AF26*AG$4 -> 5.4753 | AH26: =SUM(AC26,AE26,AG26) -> 31.7258 | AI26: =2*1/3*AH$2*AH26 -> 10.575267 | AJ26: =AI26+X26 -> 19.653417 | AL26: ='Tabel Offset'!$A27 -> 18 | AM26: =IF(AL26="AP",0,IF(AL26="FP",'Tabel Offset'!$AA$4,AL26/20*'Tabel Offset'!$AA$4)) -> 85.563 | AN26: ='Tabel Offset'!H27 -> 5.4753 | AO26: =AN26*AO$4 -> 5.4753 | AP26: ='Tabel Offset'!I27 -> 5.6301 | AQ26: =AP26*AQ$4 -> 22.5204 | AR26: ='Tabel Offset'!J27 -> 5.7757 | AS26: =AR26*AS$4 -> 5.7757 | AT26: =SUM(AO26,AQ26,AS26) -> 33.7714 | AU26: =2*1/3*AT$2*AT26 -> 11.257133 | AV26: =AU26+AJ26 -> 30.91055 | AX26: ='Tabel Offset'!$A27 -> 18 | AY26: =IF(AX26="AP",0,IF(AX26="FP",'Tabel Offset'!$AA$4,AX26/20*'Tabel Offset'!$AA$4)) -> 85.563 | AZ26: ='Tabel Offset'!J27 -> 5.7757 | BA26: =AZ26*BA$4 -> 5.7757 | BB26: ='Tabel Offset'!K27 -> 5.9154 | BC26: =BB26*BC$4 -> 23.6616 | BD26: ='Tabel Offset'!L27 -> 6.0419 | BE26: =BD26*BE$4 -> 6.0419 | BF26: =SUM(BA26,BC26,BE26) -> 35.4792 | BG26: =2*1/3*BF$2*BF26 -> 11.8264 | BH26: =BG26+AV26 -> 42.73695 | BJ26: ='Tabel Offset'!$A27 -> 18 | BK26: =IF(BJ26="AP",0,IF(BJ26="FP",'Tabel Offset'!$AA$4,BJ26/20*'Tabel Offset'!$AA$4)) -> 85.563 | BL26: ='Tabel Offset'!L27 -> 6.0419 | BM26: =BL26*BM$4 -> 6.0419 | BN26: ='Tabel Offset'!M27 -> 6.1513 | BO26: =BN26*BO$4 -> 24.6052 | BP26: ='Tabel Offset'!N27 -> 6.2465 | BQ26: =BP26*BQ$4 -> 6.2465 | BR26: =SUM(BM26,BO26,BQ26) -> 36.8936 | BS26: =2*1/3*BR$2*BR26 -> 12.297867 | BT26: =BS26+BH26 -> 55.034817 | BV26: ='Tabel Offset'!$A27 -> 18 | BW26: =IF(BV26="AP",0,IF(BV26="FP",'Tabel Offset'!$AA$4,BV26/20*'Tabel Offset'!$AA$4)) -> 85.563 | BX26: ='Tabel Offset'!N27 -> 6.2465 | BY26: =BX26*BY$4 -> 6.2465 | BZ26: ='Tabel Offset'!O27 -> 6.3304 | CA26: =BZ26*CA$4 -> 25.3216 | CB26: ='Tabel Offset'!P27 -> 6.4053 | CC26: =CB26*CC$4 -> 6.4053 | CD26: =SUM(BY26,CA26,CC26) -> 37.9734 | CE26: =2*1/3*CD$2*CD26 -> 12.6578 | CF26: =CE26+BT26 -> 67.692617 | CH26: ='Tabel Offset'!$A27 -> 18 | CI26: =IF(CH26="AP",0,IF(CH26="FP",'Tabel Offset'!$AA$4,CH26/20*'Tabel Offset'!$AA$4)) -> 85.563 | CJ26: ='Tabel Offset'!P27 -> 6.4053 | CK26: =CJ26*CK$4 -> 6.4053 | CL26: ='Tabel Offset'!Q27 -> 6.4402 | CM26: =CL26*CM$4 -> 25.7608 | CN26: ='Tabel Offset'!R27 -> 6.4736 | CO26: =CN26*CO$4 -> 6.4736 | CP26: =SUM(CK26,CM26,CO26) -> 38.6397 | CQ26: =2*1/3*CP$2*CP26 -> 6.43995 | CR26: =CQ26+CF26 -> 74.132567 | CT26: ='Tabel Offset'!$A27 -> 18 | CU26: =IF(CT26="AP",0,IF(CT26="FP",'Tabel Offset'!$AA$4,CT26/20*'Tabel Offset'!$AA$4)) -> 85.563 | CV26: ='Tabel Offset'!R27 -> 6.4736 | CW26: =CV26*CW$4 -> 6.4736 | CX26: ='Tabel Offset'!S27 -> 6.5183 | CY26: =CX26*CY$4 -> 26.0732 | CZ26: ='Tabel Offset'!T27 -> 6.5606 | DA26: =CZ26*DA$4 -> 6.5606 | DB26: =SUM(CW26,CY26,DA26) -> 39.1074 | DC26: =2*1/3*DB$2*DB26 -> 9.12506 | DD26: =DC26+CR26 -> 83.257627 | DF26: ='Tabel Offset'!$A27 -> 18 | DG26: =IF(DF26="AP",0,IF(DF26="FP",'Tabel Offset'!$AA$4,DF26/20*'Tabel Offset'!$AA$4)) -> 85.563 | DH26: ='Tabel Offset'!T27 -> 6.5606 | DI26: =DH26*DI$4 -> 6.5606 | DJ26: ='Tabel Offset'!U27 -> 6.6012 | DK26: =DJ26*DK$4 -> 26.4048 | DL26: ='Tabel Offset'!V27 -> 6.6399 | DM26: =DL26*DM$4 -> 6.6399 | DN26: =SUM(DI26,DK26,DM26) -> 39.6053 | DO26: =2*1/3*DN$2*DN26 -> 9.2412367 | DP26: =DO26+DD26 -> 92.498863 | DR26: ='Tabel Offset'!$A27 -> 18 | DS26: =IF(DR26="AP",0,IF(DR26="FP",'Tabel Offset'!$AA$4,DR26/20*'Tabel Offset'!$AA$4)) -> 85.563 | DT26: ='Tabel Offset'!V27 -> 6.6399 | DU26: =DT26*DU$4 -> 6.6399 | DV26: 6.7151 | DW26: =DV26*DW$4 -> 26.8604 | DX26: =(EA26-DT$2)/2+DT$2 -> 8.6442 | DY26: 4.853 | DZ26: =DY26*DZ$4 -> 4.853 | EA26: 9.3884 | EB26: =SUM(DU26,DW26,DZ26) -> 38.3533 | EC26: =2*1/3*((EA26-DT$2)/2)*EB26 -> 19.028351 | ED26: =EC26+DP26 -> 111.52721
B27: ='Tabel Offset'!$A28 -> 18.5 | C27: =IF(B27="AP",0,IF(B27="FP",'Tabel Offset'!$AA$4,B27/20*'Tabel Offset'!$AA$4)) -> 87.93975 | D27: ='Tabel Offset'!B28 -> 2.128 | E27: =D27*E$4 -> 2.128 | F27: ='Tabel Offset'!C28 -> 3.3749 | G27: =F27*G$4 -> 13.4996 | H27: ='Tabel Offset'!D28 -> 3.6999 | I27: =H27*I$4 -> 3.6999 | J27: =SUM(E27,G27,I27) -> 19.3275 | K27: =2*1/3*J$2*J27 -> 3.22125 | L27: =K27 -> 3.22125 | N27: ='Tabel Offset'!$A28 -> 18.5 | O27: =IF(N27="AP",0,IF(N27="FP",'Tabel Offset'!$AA$4,N27/20*'Tabel Offset'!$AA$4)) -> 87.93975 | P27: ='Tabel Offset'!D27 -> 4.6711 | Q27: =P27*Q$4 -> 4.6711 | R27: ='Tabel Offset'!E28 -> 3.8942 | S27: =R27*S$4 -> 15.5768 | T27: ='Tabel Offset'!F28 -> 4.0415 | U27: =T27*U$4 -> 4.0415 | V27: =SUM(Q27,S27,U27) -> 24.2894 | W27: =2*1/3*V$2*V27 -> 4.0482333 | X27: =W27+L27 -> 7.2694833 | Z27: ='Tabel Offset'!$A28 -> 18.5 | AA27: =IF(Z27="AP",0,IF(Z27="FP",'Tabel Offset'!$AA$4,Z27/20*'Tabel Offset'!$AA$4)) -> 87.93975 | AB27: ='Tabel Offset'!F28 -> 4.0415 | AC27: =AB27*AC$4 -> 4.0415 | AD27: ='Tabel Offset'!G28 -> 4.2907 | AE27: =AD27*AE$4 -> 17.1628 | AF27: ='Tabel Offset'!H28 -> 4.4933 | AG27: =AF27*AG$4 -> 4.4933 | AH27: =SUM(AC27,AE27,AG27) -> 25.6976 | AI27: =2*1/3*AH$2*AH27 -> 8.5658667 | AJ27: =AI27+X27 -> 15.83535 | AL27: ='Tabel Offset'!$A28 -> 18.5 | AM27: =IF(AL27="AP",0,IF(AL27="FP",'Tabel Offset'!$AA$4,AL27/20*'Tabel Offset'!$AA$4)) -> 87.93975 | AN27: ='Tabel Offset'!H28 -> 4.4933 | AO27: =AN27*AO$4 -> 4.4933 | AP27: ='Tabel Offset'!I28 -> 4.6651 | AQ27: =AP27*AQ$4 -> 18.6604 | AR27: ='Tabel Offset'!J28 -> 4.8253 | AS27: =AR27*AS$4 -> 4.8253 | AT27: =SUM(AO27,AQ27,AS27) -> 27.979 | AU27: =2*1/3*AT$2*AT27 -> 9.3263333 | AV27: =AU27+AJ27 -> 25.161683 | AX27: ='Tabel Offset'!$A28 -> 18.5 | AY27: =IF(AX27="AP",0,IF(AX27="FP",'Tabel Offset'!$AA$4,AX27/20*'Tabel Offset'!$AA$4)) -> 87.93975 | AZ27: ='Tabel Offset'!J28 -> 4.8253 | BA27: =AZ27*BA$4 -> 4.8253 | BB27: ='Tabel Offset'!K28 -> 4.9788 | BC27: =BB27*BC$4 -> 19.9152 | BD27: ='Tabel Offset'!L28 -> 5.1277 | BE27: =BD27*BE$4 -> 5.1277 | BF27: =SUM(BA27,BC27,BE27) -> 29.8682 | BG27: =2*1/3*BF$2*BF27 -> 9.9560667 | BH27: =BG27+AV27 -> 35.11775 | BJ27: ='Tabel Offset'!$A28 -> 18.5 | BK27: =IF(BJ27="AP",0,IF(BJ27="FP",'Tabel Offset'!$AA$4,BJ27/20*'Tabel Offset'!$AA$4)) -> 87.93975 | BL27: ='Tabel Offset'!L28 -> 5.1277 | BM27: =BL27*BM$4 -> 5.1277 | BN27: ='Tabel Offset'!M28 -> 5.2646 | BO27: =BN27*BO$4 -> 21.0584 | BP27: ='Tabel Offset'!N28 -> 5.892 | BQ27: =BP27*BQ$4 -> 5.892 | BR27: =SUM(BM27,BO27,BQ27) -> 32.0781 | BS27: =2*1/3*BR$2*BR27 -> 10.6927 | BT27: =BS27+BH27 -> 45.81045 | BV27: ='Tabel Offset'!$A28 -> 18.5 | BW27: =IF(BV27="AP",0,IF(BV27="FP",'Tabel Offset'!$AA$4,BV27/20*'Tabel Offset'!$AA$4)) -> 87.93975 | BX27: ='Tabel Offset'!N28 -> 5.892 | BY27: =BX27*BY$4 -> 5.892 | BZ27: ='Tabel Offset'!O28 -> 5.4962 | CA27: =BZ27*CA$4 -> 21.9848 | CB27: ='Tabel Offset'!P28 -> 5.5947 | CC27: =CB27*CC$4 -> 5.5947 | CD27: =SUM(BY27,CA27,CC27) -> 33.4715 | CE27: =2*1/3*CD$2*CD27 -> 11.157167 | CF27: =CE27+BT27 -> 56.967617 | CH27: ='Tabel Offset'!$A28 -> 18.5 | CI27: =IF(CH27="AP",0,IF(CH27="FP",'Tabel Offset'!$AA$4,CH27/20*'Tabel Offset'!$AA$4)) -> 87.93975 | CJ27: ='Tabel Offset'!P28 -> 5.5947 | CK27: =CJ27*CK$4 -> 5.5947 | CL27: ='Tabel Offset'!Q28 -> 5.6403 | CM27: =CL27*CM$4 -> 22.5612 | CN27: ='Tabel Offset'!R28 -> 5.6837 | CO27: =CN27*CO$4 -> 5.6837 | CP27: =SUM(CK27,CM27,CO27) -> 33.8396 | CQ27: =2*1/3*CP$2*CP27 -> 5.6399333 | CR27: =CQ27+CF27 -> 62.60755 | CT27: ='Tabel Offset'!$A28 -> 18.5 | CU27: =IF(CT27="AP",0,IF(CT27="FP",'Tabel Offset'!$AA$4,CT27/20*'Tabel Offset'!$AA$4)) -> 87.93975 | CV27: ='Tabel Offset'!R28 -> 5.6837 | CW27: =CV27*CW$4 -> 5.6837 | CX27: ='Tabel Offset'!S28 -> 5.7411 | CY27: =CX27*CY$4 -> 22.9644 | CZ27: ='Tabel Offset'!T28 -> 5.7948 | DA27: =CZ27*DA$4 -> 5.7948 | DB27: =SUM(CW27,CY27,DA27) -> 34.4429 | DC27: =2*1/3*DB$2*DB27 -> 8.0366767 | DD27: =DC27+CR27 -> 70.644227 | DF27: ='Tabel Offset'!$A28 -> 18.5 | DG27: =IF(DF27="AP",0,IF(DF27="FP",'Tabel Offset'!$AA$4,DF27/20*'Tabel Offset'!$AA$4)) -> 87.93975 | DH27: ='Tabel Offset'!T28 -> 5.7948 | DI27: =DH27*DI$4 -> 5.7948 | DJ27: ='Tabel Offset'!U28 -> 5.8451 | DK27: =DJ27*DK$4 -> 23.3804 | DL27: ='Tabel Offset'!V28 -> 5.8922 | DM27: =DL27*DM$4 -> 5.8922 | DN27: =SUM(DI27,DK27,DM27) -> 35.0674 | DO27: =2*1/3*DN$2*DN27 -> 8.1823933 | DP27: =DO27+DD27 -> 78.82662 | DR27: ='Tabel Offset'!$A28 -> 18.5 | DS27: =IF(DR27="AP",0,IF(DR27="FP",'Tabel Offset'!$AA$4,DR27/20*'Tabel Offset'!$AA$4)) -> 87.93975 | DT27: ='Tabel Offset'!V28 -> 5.8922 | DU27: =DT27*DU$4 -> 5.8922 | DV27: 5.9955 | DW27: =DV27*DW$4 -> 23.982 | DX27: =(EA27-DT$2)/2+DT$2 -> 8.7192 | DY27: 4.022 | DZ27: =DY27*DZ$4 -> 4.022 | EA27: 9.5384 | EB27: =SUM(DU27,DW27,DZ27) -> 33.8962 | EC27: =2*1/3*((EA27-DT$2)/2)*EB27 -> 18.511845 | ED27: =EC27+DP27 -> 97.338465
B28: ='Tabel Offset'!$A29 -> 19 | C28: =IF(B28="AP",0,IF(B28="FP",'Tabel Offset'!$AA$4,B28/20*'Tabel Offset'!$AA$4)) -> 90.3165 | D28: ='Tabel Offset'!B29 -> 0.753 | E28: =D28*E$4 -> 0.753 | F28: ='Tabel Offset'!C29 -> 2.0131 | G28: =F28*G$4 -> 8.0524 | H28: ='Tabel Offset'!D29 -> 2.4033 | I28: =H28*I$4 -> 2.4033 | J28: =SUM(E28,G28,I28) -> 11.2087 | K28: =2*1/3*J$2*J28 -> 1.8681167 | L28: =K28 -> 1.8681167 | N28: ='Tabel Offset'!$A29 -> 19 | O28: =IF(N28="AP",0,IF(N28="FP",'Tabel Offset'!$AA$4,N28/20*'Tabel Offset'!$AA$4)) -> 90.3165 | P28: ='Tabel Offset'!D29 -> 2.4033 | Q28: =P28*Q$4 -> 2.4033 | R28: ='Tabel Offset'!E29 -> 2.5997 | S28: =R28*S$4 -> 10.3988 | T28: ='Tabel Offset'!F29 -> 2.7414 | U28: =T28*U$4 -> 2.7414 | V28: =SUM(Q28,S28,U28) -> 15.5435 | W28: =2*1/3*V$2*V28 -> 2.5905833 | X28: =W28+L28 -> 4.4587 | Z28: ='Tabel Offset'!$A29 -> 19 | AA28: =IF(Z28="AP",0,IF(Z28="FP",'Tabel Offset'!$AA$4,Z28/20*'Tabel Offset'!$AA$4)) -> 90.3165 | AB28: ='Tabel Offset'!F29 -> 2.7414 | AC28: =AB28*AC$4 -> 2.7414 | AD28: ='Tabel Offset'!G29 -> 2.9796 | AE28: =AD28*AE$4 -> 11.9184 | AF28: ='Tabel Offset'!H29 -> 3.2049 | AG28: =AF28*AG$4 -> 3.2049 | AH28: =SUM(AC28,AE28,AG28) -> 17.8647 | AI28: =2*1/3*AH$2*AH28 -> 5.9549 | AJ28: =AI28+X28 -> 10.4136 | AL28: ='Tabel Offset'!$A29 -> 19 | AM28: =IF(AL28="AP",0,IF(AL28="FP",'Tabel Offset'!$AA$4,AL28/20*'Tabel Offset'!$AA$4)) -> 90.3165 | AN28: ='Tabel Offset'!H29 -> 3.2049 | AO28: =AN28*AO$4 -> 3.2049 | AP28: ='Tabel Offset'!I29 -> 3.3937 | AQ28: =AP28*AQ$4 -> 13.5748 | AR28: ='Tabel Offset'!J29 -> 3.5578 | AS28: =AR28*AS$4 -> 3.5578 | AT28: =SUM(AO28,AQ28,AS28) -> 20.3375 | AU28: =2*1/3*AT$2*AT28 -> 6.7791667 | AV28: =AU28+AJ28 -> 17.192767 | AX28: ='Tabel Offset'!$A29 -> 19 | AY28: =IF(AX28="AP",0,IF(AX28="FP",'Tabel Offset'!$AA$4,AX28/20*'Tabel Offset'!$AA$4)) -> 90.3165 | AZ28: ='Tabel Offset'!J29 -> 3.5578 | BA28: =AZ28*BA$4 -> 3.5578 | BB28: ='Tabel Offset'!K29 -> 3.7153 | BC28: =BB28*BC$4 -> 14.8612 | BD28: ='Tabel Offset'!L29 -> 3.8693 | BE28: =BD28*BE$4 -> 3.8693 | BF28: =SUM(BA28,BC28,BE28) -> 22.2883 | BG28: =2*1/3*BF$2*BF28 -> 7.4294333 | BH28: =BG28+AV28 -> 24.6222 | BJ28: ='Tabel Offset'!$A29 -> 19 | BK28: =IF(BJ28="AP",0,IF(BJ28="FP",'Tabel Offset'!$AA$4,BJ28/20*'Tabel Offset'!$AA$4)) -> 90.3165 | BL28: ='Tabel Offset'!L29 -> 3.8693 | BM28: =BL28*BM$4 -> 3.8693 | BN28: ='Tabel Offset'!M29 -> 4.0189 | BO28: =BN28*BO$4 -> 16.0756 | BP28: ='Tabel Offset'!N29 -> 4.16 | BQ28: =BP28*BQ$4 -> 4.16 | BR28: =SUM(BM28,BO28,BQ28) -> 24.1049 | BS28: =2*1/3*BR$2*BR28 -> 8.0349667 | BT28: =BS28+BH28 -> 32.657167 | BV28: ='Tabel Offset'!$A29 -> 19 | BW28: =IF(BV28="AP",0,IF(BV28="FP",'Tabel Offset'!$AA$4,BV28/20*'Tabel Offset'!$AA$4)) -> 90.3165 | BX28: ='Tabel Offset'!N29 -> 4.16 | BY28: =BX28*BY$4 -> 4.16 | BZ28: ='Tabel Offset'!O29 -> 4.292 | CA28: =BZ28*CA$4 -> 17.168 | CB28: ='Tabel Offset'!P29 -> 4.4134 | CC28: =CB28*CC$4 -> 4.4134 | CD28: =SUM(BY28,CA28,CC28) -> 25.7414 | CE28: =2*1/3*CD$2*CD28 -> 8.5804667 | CF28: =CE28+BT28 -> 41.237633 | CH28: ='Tabel Offset'!$A29 -> 19 | CI28: =IF(CH28="AP",0,IF(CH28="FP",'Tabel Offset'!$AA$4,CH28/20*'Tabel Offset'!$AA$4)) -> 90.3165 | CJ28: ='Tabel Offset'!P29 -> 4.4134 | CK28: =CJ28*CK$4 -> 4.4134 | CL28: ='Tabel Offset'!Q29 -> 4.4714 | CM28: =CL28*CM$4 -> 17.8856 | CN28: ='Tabel Offset'!R29 -> 4.527 | CO28: =CN28*CO$4 -> 4.527 | CP28: =SUM(CK28,CM28,CO28) -> 26.826 | CQ28: =2*1/3*CP$2*CP28 -> 4.471 | CR28: =CQ28+CF28 -> 45.708633 | CT28: ='Tabel Offset'!$A29 -> 19 | CU28: =IF(CT28="AP",0,IF(CT28="FP",'Tabel Offset'!$AA$4,CT28/20*'Tabel Offset'!$AA$4)) -> 90.3165 | CV28: ='Tabel Offset'!R29 -> 4.527 | CW28: =CV28*CW$4 -> 4.527 | CX28: ='Tabel Offset'!S29 -> 4.5986 | CY28: =CX28*CY$4 -> 18.3944 | CZ28: ='Tabel Offset'!T29 -> 4.65722 | DA28: =CZ28*DA$4 -> 4.65722 | DB28: =SUM(CW28,CY28,DA28) -> 27.57862 | DC28: =2*1/3*DB$2*DB28 -> 6.4350113 | DD28: =DC28+CR28 -> 52.143645 | DF28: ='Tabel Offset'!$A29 -> 19 | DG28: =IF(DF28="AP",0,IF(DF28="FP",'Tabel Offset'!$AA$4,DF28/20*'Tabel Offset'!$AA$4)) -> 90.3165 | DH28: ='Tabel Offset'!T29 -> 4.65722 | DI28: =DH28*DI$4 -> 4.65722 | DJ28: ='Tabel Offset'!U29 -> 4.7414 | DK28: =DJ28*DK$4 -> 18.9656 | DL28: ='Tabel Offset'!V29 -> 4.8063 | DM28: =DL28*DM$4 -> 4.8063 | DN28: =SUM(DI28,DK28,DM28) -> 28.42912 | DO28: =2*1/3*DN$2*DN28 -> 6.6334613 | DP28: =DO28+DD28 -> 58.777106 | DR28: ='Tabel Offset'!$A29 -> 19 | DS28: =IF(DR28="AP",0,IF(DR28="FP",'Tabel Offset'!$AA$4,DR28/20*'Tabel Offset'!$AA$4)) -> 90.3165 | DT28: ='Tabel Offset'!V29 -> 4.8063 | DU28: =DT28*DU$4 -> 4.8063 | DV28: 4.9656 | DW28: =DV28*DW$4 -> 19.8624 | DX28: =(EA28-DT$2)/2+DT$2 -> 8.7939 | DY28: 3.122 | DZ28: =DY28*DZ$4 -> 3.122 | EA28: 9.6878 | EB28: =SUM(DU28,DW28,DZ28) -> 27.7907 | EC28: =2*1/3*((EA28-DT$2)/2)*EB28 -> 16.561404 | ED28: =EC28+DP28 -> 75.33851
B29: ='Tabel Offset'!$A30 -> 19.5 | C29: =IF(B29="AP",0,IF(B29="FP",'Tabel Offset'!$AA$4,B29/20*'Tabel Offset'!$AA$4)) -> 92.69325 | D29: ='Tabel Offset'!B30 -> 0 | E29: =D29*E$4 -> 0 | F29: ='Tabel Offset'!C30 -> 0 | G29: =F29*G$4 -> 0 | H29: ='Tabel Offset'!D30 -> 0.411 | I29: =H29*I$4 -> 0.411 | J29: =SUM(E29,G29,I29) -> 0.411 | K29: =2*1/3*J$2*J29 -> 0.0685 | L29: =K29 -> 0.0685 | N29: ='Tabel Offset'!$A30 -> 19.5 | O29: =IF(N29="AP",0,IF(N29="FP",'Tabel Offset'!$AA$4,N29/20*'Tabel Offset'!$AA$4)) -> 92.69325 | P29: ='Tabel Offset'!D30 -> 0.411 | Q29: =P29*Q$4 -> 0.411 | R29: ='Tabel Offset'!E30 -> 0.7389 | S29: =R29*S$4 -> 2.9556 | T29: ='Tabel Offset'!F30 -> 0.9469 | U29: =T29*U$4 -> 0.9469 | V29: =SUM(Q29,S29,U29) -> 4.3135 | W29: =2*1/3*V$2*V29 -> 0.71891667 | X29: =W29+L29 -> 0.78741667 | Z29: ='Tabel Offset'!$A30 -> 19.5 | AA29: =IF(Z29="AP",0,IF(Z29="FP",'Tabel Offset'!$AA$4,Z29/20*'Tabel Offset'!$AA$4)) -> 92.69325 | AB29: ='Tabel Offset'!F30 -> 0.9469 | AC29: =AB29*AC$4 -> 0.9469 | AD29: ='Tabel Offset'!G30 -> 1.199 | AE29: =AD29*AE$4 -> 4.796 | AF29: ='Tabel Offset'!H30 -> 1.4209 | AG29: =AF29*AG$4 -> 1.4209 | AH29: =SUM(AC29,AE29,AG29) -> 7.1638 | AI29: =2*1/3*AH$2*AH29 -> 2.3879333 | AJ29: =AI29+X29 -> 3.17535 | AL29: ='Tabel Offset'!$A30 -> 19.5 | AM29: =IF(AL29="AP",0,IF(AL29="FP",'Tabel Offset'!$AA$4,AL29/20*'Tabel Offset'!$AA$4)) -> 92.69325 | AN29: ='Tabel Offset'!H30 -> 1.4209 | AO29: =AN29*AO$4 -> 1.4209 | AP29: ='Tabel Offset'!I30 -> 1.629 | AQ29: =AP29*AQ$4 -> 6.516 | AR29: ='Tabel Offset'!J30 -> 1.814 | AS29: =AR29*AS$4 -> 1.814 | AT29: =SUM(AO29,AQ29,AS29) -> 9.7509 | AU29: =2*1/3*AT$2*AT29 -> 3.2503 | AV29: =AU29+AJ29 -> 6.42565 | AX29: ='Tabel Offset'!$A30 -> 19.5 | AY29: =IF(AX29="AP",0,IF(AX29="FP",'Tabel Offset'!$AA$4,AX29/20*'Tabel Offset'!$AA$4)) -> 92.69325 | AZ29: ='Tabel Offset'!J30 -> 1.814 | BA29: =AZ29*BA$4 -> 1.814 | BB29: ='Tabel Offset'!K30 -> 1.9725 | BC29: =BB29*BC$4 -> 7.89 | BD29: ='Tabel Offset'!L30 -> 2.1211 | BE29: =BD29*BE$4 -> 2.1211 | BF29: =SUM(BA29,BC29,BE29) -> 11.8251 | BG29: =2*1/3*BF$2*BF29 -> 3.9417 | BH29: =BG29+AV29 -> 10.36735 | BJ29: ='Tabel Offset'!$A30 -> 19.5 | BK29: =IF(BJ29="AP",0,IF(BJ29="FP",'Tabel Offset'!$AA$4,BJ29/20*'Tabel Offset'!$AA$4)) -> 92.69325 | BL29: ='Tabel Offset'!L30 -> 2.1211 | BM29: =BL29*BM$4 -> 2.1211 | BN29: ='Tabel Offset'!M30 -> 2.265 | BO29: =BN29*BO$4 -> 9.06 | BP29: ='Tabel Offset'!N30 -> 2.4046 | BQ29: =BP29*BQ$4 -> 2.4046 | BR29: =SUM(BM29,BO29,BQ29) -> 13.5857 | BS29: =2*1/3*BR$2*BR29 -> 4.5285667 | BT29: =BS29+BH29 -> 14.895917 | BV29: ='Tabel Offset'!$A30 -> 19.5 | BW29: =IF(BV29="AP",0,IF(BV29="FP",'Tabel Offset'!$AA$4,BV29/20*'Tabel Offset'!$AA$4)) -> 92.69325 | BX29: ='Tabel Offset'!N30 -> 2.4046 | BY29: =BX29*BY$4 -> 2.4046 | BZ29: ='Tabel Offset'!O30 -> 2.5406 | CA29: =BZ29*CA$4 -> 10.1624 | CB29: ='Tabel Offset'!P30 -> 2.6729 | CC29: =CB29*CC$4 -> 2.6729 | CD29: =SUM(BY29,CA29,CC29) -> 15.2399 | CE29: =2*1/3*CD$2*CD29 -> 5.0799667 | CF29: =CE29+BT29 -> 19.975883 | CH29: ='Tabel Offset'!$A30 -> 19.5 | CI29: =IF(CH29="AP",0,IF(CH29="FP",'Tabel Offset'!$AA$4,CH29/20*'Tabel Offset'!$AA$4)) -> 92.69325 | CJ29: ='Tabel Offset'!P30 -> 2.6729 | CK29: =CJ29*CK$4 -> 2.6729 | CL29: ='Tabel Offset'!Q30 -> 2.7376 | CM29: =CL29*CM$4 -> 10.9504 | CN29: ='Tabel Offset'!R30 -> 2.8013 | CO29: =CN29*CO$4 -> 2.8013 | CP29: =SUM(CK29,CM29,CO29) -> 16.4246 | CQ29: =2*1/3*CP$2*CP29 -> 2.7374333 | CR29: =CQ29+CF29 -> 22.713317 | CT29: ='Tabel Offset'!$A30 -> 19.5 | CU29: =IF(CT29="AP",0,IF(CT29="FP",'Tabel Offset'!$AA$4,CT29/20*'Tabel Offset'!$AA$4)) -> 92.69325 | CV29: ='Tabel Offset'!R30 -> 2.8013 | CW29: =CV29*CW$4 -> 2.8013 | CX29: ='Tabel Offset'!S30 -> 2.8885 | CY29: =CX29*CY$4 -> 11.554 | CZ29: ='Tabel Offset'!T30 -> 2.9731 | DA29: =CZ29*DA$4 -> 2.9731 | DB29: =SUM(CW29,CY29,DA29) -> 17.3284 | DC29: =2*1/3*DB$2*DB29 -> 4.0432933 | DD29: =DC29+CR29 -> 26.75661 | DF29: ='Tabel Offset'!$A30 -> 19.5 | DG29: =IF(DF29="AP",0,IF(DF29="FP",'Tabel Offset'!$AA$4,DF29/20*'Tabel Offset'!$AA$4)) -> 92.69325 | DH29: ='Tabel Offset'!T30 -> 2.9731 | DI29: =DH29*DI$4 -> 2.9731 | DJ29: ='Tabel Offset'!U30 -> 3.0549 | DK29: =DJ29*DK$4 -> 12.2196 | DL29: ='Tabel Offset'!V30 -> 3.31343 | DM29: =DL29*DM$4 -> 3.31343 | DN29: =SUM(DI29,DK29,DM29) -> 18.50613 | DO29: =2*1/3*DN$2*DN29 -> 4.318097 | DP29: =DO29+DD29 -> 31.074707 | DR29: ='Tabel Offset'!$A30 -> 19.5 | DS29: =IF(DR29="AP",0,IF(DR29="FP",'Tabel Offset'!$AA$4,DR29/20*'Tabel Offset'!$AA$4)) -> 92.69325 | DT29: ='Tabel Offset'!V30 -> 3.31343 | DU29: =DT29*DU$4 -> 3.31343 | DV29: 3.3642 | DW29: =DV29*DW$4 -> 13.4568 | DX29: =(EA29-DT$2)/2+DT$2 -> 8.8689 | DY29: 2.728 | DZ29: =DY29*DZ$4 -> 2.728 | EA29: 9.8378 | EB29: =SUM(DU29,DW29,DZ29) -> 19.49823 | EC29: =2*1/3*((EA29-DT$2)/2)*EB29 -> 12.594557 | ED29: =EC29+DP29 -> 43.669264
B30: ='Tabel Offset'!$A31 -> FP | C30: =IF(B30="AP",0,IF(B30="FP",'Tabel Offset'!$AA$4,B30/20*'Tabel Offset'!$AA$4)) -> 95.07 | D30: ='Tabel Offset'!B31 -> 0 | E30: =D30*E$4 -> 0 | F30: ='Tabel Offset'!C31 -> 0 | G30: =F30*G$4 -> 0 | H30: ='Tabel Offset'!D31 -> 0 | I30: =H30*I$4 -> 0 | J30: =SUM(E30,G30,I30) -> 0 | K30: =2*1/3*J$2*J30 -> 0 | L30: =K30 -> 0 | N30: ='Tabel Offset'!$A31 -> FP | O30: =IF(N30="AP",0,IF(N30="FP",'Tabel Offset'!$AA$4,N30/20*'Tabel Offset'!$AA$4)) -> 95.07 | P30: ='Tabel Offset'!D31 -> 0 | Q30: =P30*Q$4 -> 0 | R30: ='Tabel Offset'!E31 -> 0 | S30: =R30*S$4 -> 0 | T30: ='Tabel Offset'!F31 -> 0 | U30: =T30*U$4 -> 0 | V30: =SUM(Q30,S30,U30) -> 0 | W30: =2*1/3*V$2*V30 -> 0 | X30: =W30+L30 -> 0 | Z30: ='Tabel Offset'!$A31 -> FP | AA30: =IF(Z30="AP",0,IF(Z30="FP",'Tabel Offset'!$AA$4,Z30/20*'Tabel Offset'!$AA$4)) -> 95.07 | AB30: ='Tabel Offset'!F31 -> 0 | AC30: =AB30*AC$4 -> 0 | AD30: ='Tabel Offset'!G31 -> 0 | AE30: =AD30*AE$4 -> 0 | AF30: ='Tabel Offset'!H31 -> 0 | AG30: =AF30*AG$4 -> 0 | AH30: =SUM(AC30,AE30,AG30) -> 0 | AI30: =2*1/3*AH$2*AH30 -> 0 | AJ30: =AI30+X30 -> 0 | AL30: ='Tabel Offset'!$A31 -> FP | AM30: =IF(AL30="AP",0,IF(AL30="FP",'Tabel Offset'!$AA$4,AL30/20*'Tabel Offset'!$AA$4)) -> 95.07 | AN30: ='Tabel Offset'!H31 -> 0 | AO30: =AN30*AO$4 -> 0 | AP30: ='Tabel Offset'!I31 -> 0 | AQ30: =AP30*AQ$4 -> 0 | AR30: ='Tabel Offset'!J31 -> 0 | AS30: =AR30*AS$4 -> 0 | AT30: =SUM(AO30,AQ30,AS30) -> 0 | AU30: =2*1/3*AT$2*AT30 -> 0 | AV30: =AU30+AJ30 -> 0 | AX30: ='Tabel Offset'!$A31 -> FP | AY30: =IF(AX30="AP",0,IF(AX30="FP",'Tabel Offset'!$AA$4,AX30/20*'Tabel Offset'!$AA$4)) -> 95.07 | AZ30: ='Tabel Offset'!J31 -> 0 | BA30: =AZ30*BA$4 -> 0 | BB30: ='Tabel Offset'!K31 -> 0 | BC30: =BB30*BC$4 -> 0 | BD30: ='Tabel Offset'!L31 -> 0 | BE30: =BD30*BE$4 -> 0 | BF30: =SUM(BA30,BC30,BE30) -> 0 | BG30: =2*1/3*BF$2*BF30 -> 0 | BH30: =BG30+AV30 -> 0 | BJ30: ='Tabel Offset'!$A31 -> FP | BK30: =IF(BJ30="AP",0,IF(BJ30="FP",'Tabel Offset'!$AA$4,BJ30/20*'Tabel Offset'!$AA$4)) -> 95.07 | BL30: ='Tabel Offset'!L31 -> 0 | BM30: =BL30*BM$4 -> 0 | BN30: ='Tabel Offset'!M31 -> 0 | BO30: =BN30*BO$4 -> 0 | BP30: ='Tabel Offset'!N31 -> 0 | BQ30: =BP30*BQ$4 -> 0 | BR30: =SUM(BM30,BO30,BQ30) -> 0 | BS30: =2*1/3*BR$2*BR30 -> 0 | BT30: =BS30+BH30 -> 0 | BV30: ='Tabel Offset'!$A31 -> FP | BW30: =IF(BV30="AP",0,IF(BV30="FP",'Tabel Offset'!$AA$4,BV30/20*'Tabel Offset'!$AA$4)) -> 95.07 | BX30: ='Tabel Offset'!N31 -> 0 | BY30: =BX30*BY$4 -> 0 | BZ30: ='Tabel Offset'!O31 -> 0 | CA30: =BZ30*CA$4 -> 0 | CB30: ='Tabel Offset'!P31 -> 0 | CC30: =CB30*CC$4 -> 0 | CD30: =SUM(BY30,CA30,CC30) -> 0 | CE30: =2*1/3*CD$2*CD30 -> 0 | CF30: =CE30+BT30 -> 0 | CH30: ='Tabel Offset'!$A31 -> FP | CI30: =IF(CH30="AP",0,IF(CH30="FP",'Tabel Offset'!$AA$4,CH30/20*'Tabel Offset'!$AA$4)) -> 95.07 | CJ30: ='Tabel Offset'!P31 -> 0 | CK30: =CJ30*CK$4 -> 0 | CL30: ='Tabel Offset'!Q31 -> 0 | CM30: =CL30*CM$4 -> 0 | CN30: ='Tabel Offset'!R31 -> 0.1624 | CO30: =CN30*CO$4 -> 0.1624 | CP30: =SUM(CK30,CM30,CO30) -> 0.1624 | CQ30: =2*1/3*CP$2*CP30 -> 0.027066667 | CR30: =CQ30+CF30 -> 0.027066667 | CT30: ='Tabel Offset'!$A31 -> FP | CU30: =IF(CT30="AP",0,IF(CT30="FP",'Tabel Offset'!$AA$4,CT30/20*'Tabel Offset'!$AA$4)) -> 95.07 | CV30: ='Tabel Offset'!R31 -> 0.1624 | CW30: =CV30*CW$4 -> 0.1624 | CX30: ='Tabel Offset'!S31 -> 0.2674 | CY30: =CX30*CY$4 -> 1.0696 | CZ30: ='Tabel Offset'!T31 -> 0.3696 | DA30: =CZ30*DA$4 -> 0.3696 | DB30: =SUM(CW30,CY30,DA30) -> 1.6016 | DC30: =2*1/3*DB$2*DB30 -> 0.37370667 | DD30: =DC30+CR30 -> 0.40077333 | DF30: ='Tabel Offset'!$A31 -> FP | DG30: =IF(DF30="AP",0,IF(DF30="FP",'Tabel Offset'!$AA$4,DF30/20*'Tabel Offset'!$AA$4)) -> 95.07 | DH30: ='Tabel Offset'!T31 -> 0.3696 | DI30: =DH30*DI$4 -> 0.3696 | DJ30: ='Tabel Offset'!U31 -> 0.4779 | DK30: =DJ30*DK$4 -> 1.9116 | DL30: ='Tabel Offset'!V31 -> 0.579 | DM30: =DL30*DM$4 -> 0.579 | DN30: =SUM(DI30,DK30,DM30) -> 2.8602 | DO30: =2*1/3*DN$2*DN30 -> 0.66738 | DP30: =DO30+DD30 -> 1.0681533 | DR30: ='Tabel Offset'!$A31 -> FP | DS30: =IF(DR30="AP",0,IF(DR30="FP",'Tabel Offset'!$AA$4,DR30/20*'Tabel Offset'!$AA$4)) -> 95.07 | DT30: ='Tabel Offset'!V31 -> 0.579 | DU30: =DT30*DU$4 -> 0.579 | DV30: 0.8981 | DW30: =DV30*DW$4 -> 3.5924 | DX30: =(EA30-DT$2)/2+DT$2 -> 8.94435 | DY30: 1.769 | DZ30: =DY30*DZ$4 -> 1.769 | EA30: 9.9887 | EB30: =SUM(DU30,DW30,DZ30) -> 5.9404 | EC30: =2*1/3*((EA30-DT$2)/2)*EB30 -> 4.1359045 | ED30: =EC30+DP30 -> 5.2040578

Sheet Perhitungan Cant Part
B2: ST | C2: X | D2: ='Perhitungan Main Part'!BL2 -> 4 | E2: m WL | F2: ~ | G2: ='Perhitungan Main Part'!BO2 -> 5 | I2: m WL | J2: h = | L2: =(G2-D2)/2 -> 0.5 | M2: m
D3: =D2 -> 4 | E3: m WL | F3: =(G2-D2)/2+D2 -> 4.5 | G3: m WL | I3: =G2 -> 5 | J3: m WL | L3: ΣYS | M3: A | N3: ATOTAL
D4: S = | E4: 1 | F4: S = | G4: 4 | I4: S = | J4: 1
D5: Y | E5: YS | F5: Y | G5: YS | I5: Y | J5: YS
B6: Transom | C6: =-'Tabel Offset'!Y5*2 -> -3.8 | D6: ='Tabel Offset'!L5 -> 0 | E6: =D6*E$31 -> 0 | F6: ='Tabel Offset'!M5 -> 0 | G6: =F6*G$31 -> 0 | I6: ='Tabel Offset'!N5 -> 0 | J6: =I6*J$31 -> 0 | L6: =SUM(E6,G6,J6) -> 0 | M6: =2*1/3*L$2*L6 -> 0 | N6: =M6 -> 0 | S6: =N6*0.5 -> 0
B7: A | C7: =-'Tabel Offset'!Y7 -> -1.9 | D7: ='Tabel Offset'!L6 -> 0 | E7: =D7*E$31 -> 0 | F7: ='Tabel Offset'!M6 -> 0 | G7: =F7*G$31 -> 0 | I7: ='Tabel Offset'!N6 -> 0 | J7: =I7*J$31 -> 0 | L7: =SUM(E7,G7,J7) -> 0 | M7: =2*1/3*L$2*L7 -> 0 | N7: =M7 -> 0 | S7: =N7*0.5 -> 0
B8: AP | C8: 0 | D8: ='Tabel Offset'!L7 -> 0 | E8: =D8*E$31 -> 0 | F8: ='Tabel Offset'!M7 -> 0 | G8: =F8*G$31 -> 0 | I8: ='Tabel Offset'!N7 -> 0 | J8: =I8*J$31 -> 0 | L8: =SUM(E8,G8,J8) -> 0 | M8: =2*1/3*L$2*L8 -> 0 | N8: =M8 -> 0 | S8: =N8*0.5 -> 0
B11: ST | C11: X | D11: ='Perhitungan Main Part'!BX2 -> 5 | E11: m WL | F11: ~ | G11: ='Perhitungan Main Part'!CA2 -> 6 | I11: m WL | J11: h = | L11: =(G11-D11)/2 -> 0.5 | M11: m
D12: =D11 -> 5 | E12: m WL | F12: =(G11-D11)/2+D11 -> 5.5 | G12: m WL | I12: =G11 -> 6 | J12: m WL | L12: ΣYS | M12: A | N12: ATOTAL
D13: S = | E13: 1 | F13: S = | G13: 4 | I13: S = | J13: 1
D14: Y | E14: YS | F14: Y | G14: YS | I14: Y | J14: YS
B15: Transom | C15: =-'Tabel Offset'!Y5*2 -> -3.8 | D15: ='Tabel Offset'!N5 -> 0 | E15: =D15*E$31 -> 0 | F15: ='Tabel Offset'!O5 -> 0 | G15: =F15*G$31 -> 0 | I15: ='Tabel Offset'!P5 -> 0 | J15: =I15*J$31 -> 0 | L15: =SUM(E15,G15,J15) -> 0 | M15: =2*1/3*L$11*L15 -> 0 | N15: =M15+N6 -> 0 | S15: =N15*0.5 -> 0
B16: A | C16: =-'Tabel Offset'!Y7 -> -1.9 | D16: ='Tabel Offset'!N6 -> 0 | E16: =D16*E$31 -> 0 | F16: ='Tabel Offset'!O6 -> 0 | G16: =F16*G$31 -> 0 | I16: ='Tabel Offset'!P6 -> 0.5375 | J16: =I16*J$31 -> 0.5375 | L16: =SUM(E16,G16,J16) -> 0.5375 | M16: =2*1/3*L$11*L16 -> 0.17916667 | N16: =M16+N7 -> 0.17916667 | S16: =N16*0.5 -> 0.089583333
B17: AP | C17: 0 | D17: ='Tabel Offset'!N7 -> 0 | E17: =D17*E$31 -> 0 | F17: ='Tabel Offset'!O7 -> 0.6606 | G17: =F17*G$31 -> 2.6424 | I17: ='Tabel Offset'!P7 -> 1.652 | J17: =I17*J$31 -> 1.652 | L17: =SUM(E17,G17,J17) -> 4.2944 | M17: =2*1/3*L$11*L17 -> 1.4314667 | N17: =M17+N8 -> 1.4314667 | S17: =N17*0.5 -> 0.71573333
B20: ST | C20: X | D20: ='Perhitungan Main Part'!CJ2 -> 6 | E20: m WL | F20: ~ | G20: ='Perhitungan Main Part'!CM2 -> 6.5 | I20: m WL | J20: h = | L20: =(G20-D20)/2 -> 0.25 | M20: m
D21: =D20 -> 6 | E21: m WL | F21: =(G20-D20)/2+D20 -> 6.25 | G21: m WL | I21: =G20 -> 6.5 | J21: m WL | L21: ΣYS | M21: A | N21: ATOTAL
D22: S = | E22: 1 | F22: S = | G22: 4 | I22: S = | J22: 1
D23: Y | E23: YS | F23: Y | G23: YS | I23: Y | J23: YS
B24: Transom | C24: =C15 -> -3.8 | D24: ='Tabel Offset'!P5 -> 0 | E24: =D24*E$31 -> 0 | F24: ='Tabel Offset'!Q5 -> 0 | G24: =F24*G$31 -> 0 | I24: ='Tabel Offset'!R5 -> 0.5505 | J24: =I24*J$31 -> 0.5505 | L24: =SUM(E24,G24,J24) -> 0.5505 | M24: =2*1/3*L$20*L24 -> 0.09175 | N24: =M24+N15 -> 0.09175 | S24: =N24*0.5 -> 0.045875
B25: A | C25: =C16 -> -1.9 | D25: ='Tabel Offset'!P6 -> 0.5375 | E25: =D25*E$31 -> 0.5375 | F25: ='Tabel Offset'!Q6 -> 1.083 | G25: =F25*G$31 -> 4.332 | I25: ='Tabel Offset'!R6 -> 1.5935 | J25: =I25*J$31 -> 1.5935 | L25: =SUM(E25,G25,J25) -> 6.463 | M25: =2*1/3*L$20*L25 -> 1.0771667 | N25: =M25+N16 -> 1.2563333 | S25: =N25*0.5 -> 0.62816667
B26: AP | C26: 0 | D26: ='Tabel Offset'!P7 -> 1.652 | E26: =D26*E$31 -> 1.652 | F26: ='Tabel Offset'!Q7 -> 2.0552 | G26: =F26*G$31 -> 8.2208 | I26: ='Tabel Offset'!R7 -> 2.442 | J26: =I26*J$31 -> 2.442 | L26: =SUM(E26,G26,J26) -> 12.3148 | M26: =2*1/3*L$20*L26 -> 2.0524667 | N26: =M26+N17 -> 3.4839333 | S26: =N26*0.5 -> 1.7419667
B29: ST | C29: X | D29: ='Perhitungan Main Part'!CV2 -> 6.5 | E29: m WL | F29: ~ | G29: ='Perhitungan Main Part'!CY2 -> 7.2 | I29: m WL | J29: h = | L29: =(G29-D29)/2 -> 0.35 | M29: m
D30: =D29 -> 6.5 | E30: m WL | F30: =(G29-D29)/2+D29 -> 6.85 | G30: m WL | I30: =G29 -> 7.2 | J30: m WL | L30: ΣYS | M30: A | N30: ATOTAL
D31: S = | E31: 1 | F31: S = | G31: 4 | I31: S = | J31: 1
D32: Y | E32: YS | F32: Y | G32: YS | I32: Y | J32: YS
B33: Transom | C33: =C15 -> -3.8 | D33: ='Tabel Offset'!R5 -> 0.5505 | E33: =D33*E$31 -> 0.5505 | F33: ='Tabel Offset'!S5 -> 1.3981 | G33: =F33*G$31 -> 5.5924 | I33: ='Tabel Offset'!T5 -> 2.03 | J33: =I33*J$31 -> 2.03 | L33: =SUM(E33,G33,J33) -> 8.1729 | M33: =2*1/3*L$29*L33 -> 1.90701 | N33: =M33+N24 -> 1.99876
B34: A | C34: =C16 -> -1.9 | D34: ='Tabel Offset'!R6 -> 1.5935 | E34: =D34*E$31 -> 1.5935 | F34: ='Tabel Offset'!S6 -> 2.21 | G34: =F34*G$31 -> 8.84 | I34: ='Tabel Offset'!T6 -> 2.7516 | J34: =I34*J$31 -> 2.7516 | L34: =SUM(E34,G34,J34) -> 13.1851 | M34: =2*1/3*L$29*L34 -> 3.0765233 | N34: =M34+N25 -> 4.3328567
B35: AP | C35: 0 | D35: ='Tabel Offset'!R7 -> 2.442 | E35: =D35*E$31 -> 2.442 | F35: ='Tabel Offset'!S7 -> 2.9635 | G35: =F35*G$31 -> 11.854 | I35: ='Tabel Offset'!T7 -> 3.4637 | J35: =I35*J$31 -> 3.4637 | L35: =SUM(E35,G35,J35) -> 17.7597 | M35: =2*1/3*L$29*L35 -> 4.14393 | N35: =M35+N26 -> 7.6278633
B38: ST | C38: X | D38: =G29 -> 7.2 | E38: m WL | F38: ~ | G38: ='Perhitungan Main Part'!DK2 -> 7.9 | I38: m WL | J38: h = | L38: =(G38-D38)/2 -> 0.35 | M38: m
D39: =D38 -> 7.2 | E39: m WL | F39: =(G38-D38)/2+D38 -> 7.55 | G39: m WL | I39: =G38 -> 7.9 | J39: m WL | L39: ΣYS | M39: A | N39: ATOTAL
D40: S = | E40: 1 | F40: S = | G40: 4 | I40: S = | J40: 1
D41: Y | E41: YS | F41: Y | G41: YS | I41: Y | J41: YS
B42: Transom | C42: =C33 -> -3.8 | D42: =I33 -> 2.03 | E42: =D42*E$31 -> 2.03 | F42: ='Tabel Offset'!U5 -> 2.5747 | G42: =F42*G$31 -> 10.2988 | I42: ='Tabel Offset'!V5 -> 3.0576 | J42: =I42*J$31 -> 3.0576 | L42: =SUM(E42,G42,J42) -> 15.3864 | M42: =2*1/3*$L$38*L42 -> 3.59016 | N42: =N33+M42 -> 5.58892
B43: A | C43: =C34 -> -1.9 | D43: =I34 -> 2.7516 | E43: =D43*E$31 -> 2.7516 | F43: ='Tabel Offset'!U6 -> 3.2456 | G43: =F43*G$31 -> 12.9824 | I43: ='Tabel Offset'!V6 -> 3.7108 | J43: =I43*J$31 -> 3.7108 | L43: =SUM(E43,G43,J43) -> 19.4448 | M43: =2*1/3*$L$38*L43 -> 4.53712 | N43: =N34+M43 -> 8.8699767
B44: AP | C44: 0 | D44: =I35 -> 3.4637 | E44: =D44*E$31 -> 3.4637 | F44: ='Tabel Offset'!U7 -> 3.9378 | G44: =F44*G$31 -> 15.7512 | I44: ='Tabel Offset'!V7 -> 4.381 | J44: =I44*J$31 -> 4.381 | L44: =SUM(E44,G44,J44) -> 23.5959 | M44: =2*1/3*$L$38*L44 -> 5.50571 | N44: =N35+M44 -> 13.133573
B47: ST | C47: X | D47: =G38 -> 7.9 | E47: m WL | F47: ~ | G47: Z Max | I47: m WL
D48: =D47 -> 7.9 | E48: m WL | F48: ="0,5("& TEXT(D48,"0.00")& "-Zmax) +"& TEXT(D48,"0.00") -> 0,5(7.90-Zmax) +7.90 | G48: m WL | I48: =G47 -> Z Max | J48: m WL | L48: ΣYS | M48: h | N48: A | O48: ATOTAL
D49: S = | E49: 1 | F49: S = | G49: 4 | I49: S = | J49: 1
D50: Y | E50: YS | F50: Y | G50: YS | H50: z | I50: Y | J50: YS | K50: Zmax
B51: Transom | C51: =C42 -> -3.8 | D51: =I42 -> 3.0576 | E51: =D51*E$31 -> 3.0576 | F51: 3.071 | G51: =F51*G$31 -> 12.284 | H51: =0.5*(K51-'Tabel Offset'!$AA$6)+'Tabel Offset'!$AA$6 -> 8.4776 | I51: 4.034 | J51: =I51*J$31 -> 4.034 | K51: 9.0552 | L51: =SUM(E51,G51,J51) -> 19.3756 | M51: =(K51-'Perhitungan Main Part'!$DL$3)/2 -> 0.5776 | N51: =2*1/3*M$51*L51 -> 7.4608977 | O51: =N42+N51 -> 13.049818
B52: A | C52: =C43 -> -1.9 | D52: =I43 -> 3.7108 | E52: =D52*E$31 -> 3.7108 | F52: 3.69 | G52: =F52*G$31 -> 14.76 | H52: =0.5*(K52-'Tabel Offset'!$AA$6)+'Tabel Offset'!$AA$6 -> 8.43385 | I52: 4.697 | J52: =I52*J$31 -> 4.697 | K52: 8.9677 | L52: =SUM(E52,G52,J52) -> 23.1678 | M52: =(K52-'Perhitungan Main Part'!$DL$3)/2 -> 0.53385 | N52: =2*1/3*M$52*L52 -> 8.24542 | O52: =N43+N52 -> 17.115397
B53: AP | C53: 0 | D53: =I44 -> 4.381 | E53: =D53*E$31 -> 4.381 | F53: ='Perhitungan Main Part'!DV6 -> 5.0116 | G53: =F53*G$31 -> 20.0464 | H53: =0.5*(K53-'Tabel Offset'!$AA$6)+'Tabel Offset'!$AA$6 -> 8.39725 | I53: 5.211 | J53: =I53*J$31 -> 5.211 | K53: 8.8945 | L53: =SUM(E53,G53,J53) -> 29.6384 | M53: =(K53-'Perhitungan Main Part'!$DL$3)/2 -> 0.49725 | N53: =2*1/3*M$53*L53 -> 9.8251296 | O53: =N44+N53 -> 22.958703
B58: ST | C58: X | D58: y0 | F58: WL | J58: H actual Zmax
F59: =G29 -> 7.2 | G59: =G38 -> 7.9 | I59: Zmax
B60: Transom | C60: =C42 -> -3.8 | D60: 6.298 | E60: ATotal | F60: =N33 -> 1.99876 | G60: =N42 -> 5.58892 | I60: =O51 -> 13.049818 | J60: =2*M51+$D$47 -> 9.0552
B61: A | C61: =C43 -> -1.9 | D61: 5.753 | F61: =N34 -> 4.3328567 | G61: =N43 -> 8.8699767 | I61: =O52 -> 17.115397 | J61: =2*M52+$D$47 -> 8.9677
B62: AP | C62: 0 | D62: 5.274 | F62: =N35 -> 7.6278633 | G62: =N44 -> 13.133573 | I62: =O53 -> 22.958703 | J62: =2*M53+$D$47 -> 8.8945

Sheet Sketsa Bonjean
Q1: KOORDINAT (mm) | AO1: sheer | AR1: KOORDINAT y (mm)
B2: WL | D2: 0 | E2: ='Perhitungan Main Part'!G2 -> 0.5 | F2: ='Perhitungan Main Part'!S2 -> 1 | G2: ='Perhitungan Main Part'!AE2 -> 2 | H2: ='Perhitungan Main Part'!AQ2 -> 3 | I2: ='Perhitungan Main Part'!BC2 -> 4 | J2: ='Perhitungan Main Part'!BO2 -> 5 | K2: ='Perhitungan Main Part'!CA2 -> 6 | L2: ='Perhitungan Main Part'!CM2 -> 6.5 | M2: ='Perhitungan Main Part'!CY2 -> 7.2 | N2: ='Perhitungan Main Part'!DK2 -> 7.9 | O2: Zmax | Q2: SKALA | R2: 25 | S2: y | U2: =D2*$R$2 -> 0 | V2: =E2*$R$2 -> 12.5 | W2: =F2*$R$2 -> 25 | X2: =G2*$R$2 -> 50 | Y2: =H2*$R$2 -> 75 | Z2: =I2*$R$2 -> 100 | AA2: =J2*$R$2 -> 125 | AB2: =K2*$R$2 -> 150 | ... AE2: =N2*$R$2 -> 197.5 | AF2: Zmax | AJ2: x | AK2: y0 | AL2: y0 | AM2: =$R$2*'Perhitungan Cant Part'!F59 -> 180 | AN2: =$R$2*'Perhitungan Cant Part'!G59 -> 197.5 | AO2: =$R$2*'Perhitungan Cant Part'!J60 -> 226.38 | AP2: =$R$2*'Perhitungan Cant Part'!J61 -> 224.1925 | AR2: =IF(U$2<$T4,IF(V$2<$T4,"-",$T4),U$2) -> - | AS2: =IF(V$2<$T4,IF(W$2<$T4,"-",$T4),V$2) -> - | AT2: =IF(W$2<$T4,IF(X$2<$T4,"-",$T4),W$2) -> - | AU2: =IF(X$2<$T4,IF(Y$2<$T4,"-",$T4),X$2) -> - | AV2: =IF(Y$2<$T4,IF(Z$2<$T4,"-",$T4),Y$2) -> - | AW2: =IF(Z$2<$T4,IF(AA$2<$T4,"-",$T4),Z$2) -> - | AX2: =IF(AA$2<$T4,IF(AB$2<$T4,"-",$T4),AA$2) -> 131.85 | AY2: =IF(AB$2<$T4,IF(AC$2<$T4,"-",$T4),AB$2) -> 150 | ... BA2: =IF(AD$2<$T4,IF(AE$2<$T4,"-",$T4),AD$2) -> 180 | BB2: =IF(AE$2<$T4,IF($AG4<$T4,"-",$T4),AE$2) -> 197.5 | BC2: =AG4 -> 222.3625
B3: ST | C3: y0 | D3: ATOTAL | E3: ATOTAL | F3: ATOTAL | G3: ATOTAL | H3: ATOTAL | I3: ATOTAL | J3: ATOTAL | K3: ATOTAL | L3: ATOTAL | M3: ATOTAL | N3: ATOTAL | O3: Atot | R3: 31.69 | S3: x | T3: y0 | U3: ATOTAL | V3: ATOTAL | W3: ATOTAL | X3: ATOTAL | Y3: ATOTAL | Z3: ATOTAL | AA3: ATOTAL | AB3: ATOTAL | AC3: ATOTAL | AD3: ATOTAL | AE3: ATOTAL | AF3: ATOTAL | AG3: ymax | AL3: ATOTAL | AM3: ATOTAL | AN3: ATOTAL | AO3: ATOTAL | AP3: ATOTAL | AR3: =IF(U$2<$T5,IF(V$2<$T5,"-",$T5),U$2) -> - | AS3: =IF(V$2<$T5,IF(W$2<$T5,"-",$T5),V$2) -> 13.65 | AT3: =IF(W$2<$T5,IF(X$2<$T5,"-",$T5),W$2) -> 25 | AU3: =IF(X$2<$T5,IF(Y$2<$T5,"-",$T5),X$2) -> 50 | AV3: =IF(Y$2<$T5,IF(Z$2<$T5,"-",$T5),Y$2) -> 75 | AW3: =IF(Z$2<$T5,IF(AA$2<$T5,"-",$T5),Z$2) -> 100 | AX3: =IF(AA$2<$T5,IF(AB$2<$T5,"-",$T5),AA$2) -> 125 | AY3: =IF(AB$2<$T5,IF(AC$2<$T5,"-",$T5),AB$2) -> 150 | ... BA3: =IF(AD$2<$T5,IF(AE$2<$T5,"-",$T5),AD$2) -> 180 | BB3: =IF(AE$2<$T5,IF($AG5<$T5,"-",$T5),AE$2) -> 197.5 | BC3: =AG5 -> 220.1875
B4: ='Tabel Offset'!A7 -> AP | C4: 5.274 | D4: 0 | E4: ='Perhitungan Main Part'!L6 -> 0 | F4: ='Perhitungan Main Part'!X6 -> 0 | G4: ='Perhitungan Main Part'!AJ6 -> 0 | H4: ='Perhitungan Main Part'!AV6 -> 0 | I4: ='Perhitungan Main Part'!BH6 -> 0 | J4: ='Perhitungan Main Part'!BT6 -> 0 | K4: ='Perhitungan Main Part'!CF6 -> 1.4314667 | L4: ='Perhitungan Main Part'!CR6 -> 3.4839333 | M4: ='Perhitungan Main Part'!DD6 -> 7.6278633 | N4: ='Perhitungan Main Part'!DP6 -> 13.133573 | O4: ='Perhitungan Main Part'!ED6 -> 22.958703 | Q4: 0.5 | R4: =B4 -> AP | S4: 0 | T4: =C4*R$2 -> 131.85 | U4: =IF(U$2<$T4,"-",D4*$Q$4) -> - | V4: =IF(V$2<$T4,"-",E4*$Q$4) -> - | W4: =IF(W$2<$T4,"-",F4*$Q$4) -> - | X4: =IF(X$2<$T4,"-",G4*$Q$4) -> - | Y4: =IF(Y$2<$T4,"-",H4*$Q$4) -> - | Z4: =IF(Z$2<$T4,"-",I4*$Q$4) -> - | AA4: =IF(AA$2<$T4,"-",J4*$Q$4) -> - | AB4: =IF(AB$2<$T4,"-",K4*$Q$4) -> 0.71573333 | ... AE4: =IF(AE$2<$T4,"-",N4*$Q$4) -> 6.5667867 | AF4: =O4*$Q$4 -> 11.479351 | AG4: ='Perhitungan Main Part'!EA6*R$2 -> 222.3625 | AI4: Transom | AJ4: ='Perhitungan Cant Part'!C60/('Tabel Offset'!$AA$4/20)*$R$3 -> -25.333333 | AK4: =$R$2*'Perhitungan Cant Part'!D60 -> 157.45 | AL4: =AJ4 -> -25.333333 | AM4: =$Q$4*'Perhitungan Cant Part'!F60+$AJ4 -> -24.333953 | AN4: =$Q$4*'Perhitungan Cant Part'!G60+$AJ4 -> -22.538873 | AO4: =$Q$4*'Perhitungan Cant Part'!I60+$AJ4 -> -18.808424 | AR4: =IF(U$2<$T6,IF(V$2<$T6,"-",$T6),U$2) -> 1.725 | AS4: =IF(V$2<$T6,IF(W$2<$T6,"-",$T6),V$2) -> 12.5 | AT4: =IF(W$2<$T6,IF(X$2<$T6,"-",$T6),W$2) -> 25 | AU4: =IF(X$2<$T6,IF(Y$2<$T6,"-",$T6),X$2) -> 50 | AV4: =IF(Y$2<$T6,IF(Z$2<$T6,"-",$T6),Y$2) -> 75 | AW4: =IF(Z$2<$T6,IF(AA$2<$T6,"-",$T6),Z$2) -> 100 | AX4: =IF(AA$2<$T6,IF(AB$2<$T6,"-",$T6),AA$2) -> 125 | AY4: =IF(AB$2<$T6,IF(AC$2<$T6,"-",$T6),AB$2) -> 150 | ... BA4: =IF(AD$2<$T6,IF(AE$2<$T6,"-",$T6),AD$2) -> 180 | BB4: =IF(AE$2<$T6,IF($AG6<$T6,"-",$T6),AE$2) -> 197.5 | BC4: =AG6 -> 218.0225
B5: ='Tabel Offset'!A8 -> 0.5 | C5: 0.546 | D5: 0 | E5: ='Perhitungan Main Part'!L7 -> 0 | F5: ='Perhitungan Main Part'!X7 -> 0.021 | G5: ='Perhitungan Main Part'!AJ7 -> 0.8 | H5: ='Perhitungan Main Part'!AV7 -> 2.2415333 | I5: ='Perhitungan Main Part'!BH7 -> 4.1208667 | J5: ='Perhitungan Main Part'!BT7 -> 7.0503 | K5: ='Perhitungan Main Part'!CF7 -> 11.871667 | L5: ='Perhitungan Main Part'!CR7 -> 15.0872 | M5: ='Perhitungan Main Part'!DD7 -> 20.627887 | N5: ='Perhitungan Main Part'!DP7 -> 27.316247 | O5: ='Perhitungan Main Part'!ED7 -> 37.540021 | R5: =B5 -> 0.5 | S5: =R5*$R$3 -> 15.845 | T5: =C5*R$2 -> 13.65 | U5: =IF(U$2<$T5,"-",D5*$Q$4+$S5) -> - | V5: =IF(V$2<$T5,"-",E5*$Q$4+$S5) -> - | W5: =IF(W$2<$T5,"-",F5*$Q$4+$S5) -> 15.8555 | X5: =IF(X$2<$T5,"-",G5*$Q$4+$S5) -> 16.245 | Y5: =IF(Y$2<$T5,"-",H5*$Q$4+$S5) -> 16.965767 | Z5: =IF(Z$2<$T5,"-",I5*$Q$4+$S5) -> 17.905433 | AA5: =IF(AA$2<$T5,"-",J5*$Q$4+$S5) -> 19.37015 | AB5: =IF(AB$2<$T5,"-",K5*$Q$4+$S5) -> 21.780833 | ... AE5: =IF(AE$2<$T5,"-",N5*$Q$4+$S5) -> 29.503123 | AF5: =O5*$Q$4+S5 -> 34.61501 | AG5: ='Perhitungan Main Part'!EA7*R$2 -> 220.1875 | AI5: A | AJ5: ='Perhitungan Cant Part'!C61/('Tabel Offset'!$AA$4/20)*$R$3 -> -12.666667 | AK5: =$R$2*'Perhitungan Cant Part'!D61 -> 143.825 | AL5: =AJ5 -> -12.666667 | AM5: =$Q$4*'Perhitungan Cant Part'!F61+$AJ5 -> -10.500238 | AN5: =$Q$4*'Perhitungan Cant Part'!G61+$AJ5 -> -8.2316783 | AP5: =$Q$4*'Perhitungan Cant Part'!I61+$AJ5 -> -4.1089683 | AR5: =IF(U$2<$T7,IF(V$2<$T7,"-",$T7),U$2) -> 0 | AS5: =IF(V$2<$T7,IF(W$2<$T7,"-",$T7),V$2) -> 12.5 | AT5: =IF(W$2<$T7,IF(X$2<$T7,"-",$T7),W$2) -> 25 | AU5: =IF(X$2<$T7,IF(Y$2<$T7,"-",$T7),X$2) -> 50 | AV5: =IF(Y$2<$T7,IF(Z$2<$T7,"-",$T7),Y$2) -> 75 | AW5: =IF(Z$2<$T7,IF(AA$2<$T7,"-",$T7),Z$2) -> 100 | AX5: =IF(AA$2<$T7,IF(AB$2<$T7,"-",$T7),AA$2) -> 125 | AY5: =IF(AB$2<$T7,IF(AC$2<$T7,"-",$T7),AB$2) -> 150 | ... BA5: =IF(AD$2<$T7,IF(AE$2<$T7,"-",$T7),AD$2) -> 180 | BB5: =IF(AE$2<$T7,IF($AG7<$T7,"-",$T7),AE$2) -> 197.5 | BC5: =AG7 -> 215.8475
B6: ='Tabel Offset'!A9 -> 1 | C6: 0.069 | D6: 0 | E6: ='Perhitungan Main Part'!L8 -> 0.26101667 | F6: ='Perhitungan Main Part'!X8 -> 0.98503333 | G6: ='Perhitungan Main Part'!AJ8 -> 3.3985333 | H6: ='Perhitungan Main Part'!AV8 -> 6.4600333 | I6: ='Perhitungan Main Part'!BH8 -> 10.884033 | J6: ='Perhitungan Main Part'!BT8 -> 16.449167 | K6: ='Perhitungan Main Part'!CF8 -> 23.638367 | L6: ='Perhitungan Main Part'!CR8 -> 27.998867 | M6: ='Perhitungan Main Part'!DD8 -> 35.06049 | N6: ='Perhitungan Main Part'!DP8 -> 43.26841 | O6: ='Perhitungan Main Part'!ED8 -> 53.671019 | R6: =B6 -> 1 | S6: =R6*$R$3 -> 31.69 | T6: =C6*R$2 -> 1.725 | U6: =IF(U$2<$T6,"-",D6*$Q$4+$S6) -> - | V6: =IF(V$2<$T6,"-",E6*$Q$4+$S6) -> 31.820508 | W6: =IF(W$2<$T6,"-",F6*$Q$4+$S6) -> 32.182517 | X6: =IF(X$2<$T6,"-",G6*$Q$4+$S6) -> 33.389267 | Y6: =IF(Y$2<$T6,"-",H6*$Q$4+$S6) -> 34.920017 | Z6: =IF(Z$2<$T6,"-",I6*$Q$4+$S6) -> 37.132017 | AA6: =IF(AA$2<$T6,"-",J6*$Q$4+$S6) -> 39.914583 | AB6: =IF(AB$2<$T6,"-",K6*$Q$4+$S6) -> 43.509183 | ... AE6: =IF(AE$2<$T6,"-",N6*$Q$4+$S6) -> 53.324205 | AF6: =O6*$Q$4+S6 -> 58.525509 | AG6: ='Perhitungan Main Part'!EA8*R$2 -> 218.0225 | AR6: =IF(U$2<$T8,IF(V$2<$T8,"-",$T8),U$2) -> 0 | AS6: =IF(V$2<$T8,IF(W$2<$T8,"-",$T8),V$2) -> 12.5 | AT6: =IF(W$2<$T8,IF(X$2<$T8,"-",$T8),W$2) -> 25 | AU6: =IF(X$2<$T8,IF(Y$2<$T8,"-",$T8),X$2) -> 50 | AV6: =IF(Y$2<$T8,IF(Z$2<$T8,"-",$T8),Y$2) -> 75 | AW6: =IF(Z$2<$T8,IF(AA$2<$T8,"-",$T8),Z$2) -> 100 | AX6: =IF(AA$2<$T8,IF(AB$2<$T8,"-",$T8),AA$2) -> 125 | AY6: =IF(AB$2<$T8,IF(AC$2<$T8,"-",$T8),AB$2) -> 150 | ... BA6: =IF(AD$2<$T8,IF(AE$2<$T8,"-",$T8),AD$2) -> 180 | BB6: =IF(AE$2<$T8,IF($AG8<$T8,"-",$T8),AE$2) -> 197.5 | BC6: =AG8 -> 213.6475
B7: ='Tabel Offset'!A10 -> 1.5 | C7: 0 | D7: 0 | E7: ='Perhitungan Main Part'!L9 -> 0.63045 | F7: ='Perhitungan Main Part'!X9 -> 1.9126333 | G7: ='Perhitungan Main Part'!AJ9 -> 5.6232 | H7: ='Perhitungan Main Part'!AV9 -> 10.360267 | I7: ='Perhitungan Main Part'!BH9 -> 16.5833 | J7: ='Perhitungan Main Part'!BT9 -> 24.209867 | K7: ='Perhitungan Main Part'!CF9 -> 33.667933 | L7: ='Perhitungan Main Part'!CR9 -> 39.17975 | M7: ='Perhitungan Main Part'!DD9 -> 49.627133 | N7: ='Perhitungan Main Part'!DP9 -> 58.934193 | O7: ='Perhitungan Main Part'!ED9 -> 68.96756 | R7: =B7 -> 1.5 | S7: =R7*$R$3 -> 47.535 | T7: =C7*R$2 -> 0 | U7: =IF(U$2<$T7,"-",D7*$Q$4+$S7) -> 47.535 | V7: =IF(V$2<$T7,"-",E7*$Q$4+$S7) -> 47.850225 | W7: =IF(W$2<$T7,"-",F7*$Q$4+$S7) -> 48.491317 | X7: =IF(X$2<$T7,"-",G7*$Q$4+$S7) -> 50.3466 | Y7: =IF(Y$2<$T7,"-",H7*$Q$4+$S7) -> 52.715133 | Z7: =IF(Z$2<$T7,"-",I7*$Q$4+$S7) -> 55.82665 | AA7: =IF(AA$2<$T7,"-",J7*$Q$4+$S7) -> 59.639933 | AB7: =IF(AB$2<$T7,"-",K7*$Q$4+$S7) -> 64.368967 | ... AE7: =IF(AE$2<$T7,"-",N7*$Q$4+$S7) -> 77.002097 | AF7: =O7*$Q$4+S7 -> 82.01878 | AG7: ='Perhitungan Main Part'!EA9*R$2 -> 215.8475 | AI7: Transom | AJ7: SPL | AK7: =AJ4&","&AK4 -> -25.3333333333334,157.45 | AL7: =AM4&","&AM$2 -> -24.3339533333334,180 | AM7: =AN4&","&AN$2 -> -22.5388733333334,197.5 | AN7: =AO4&","&AO$2 -> -18.8084244800001,226.38 | AR7: =IF(U$2<$T9,IF(V$2<$T9,"-",$T9),U$2) -> 0 | AS7: =IF(V$2<$T9,IF(W$2<$T9,"-",$T9),V$2) -> 12.5 | AT7: =IF(W$2<$T9,IF(X$2<$T9,"-",$T9),W$2) -> 25 | AU7: =IF(X$2<$T9,IF(Y$2<$T9,"-",$T9),X$2) -> 50 | AV7: =IF(Y$2<$T9,IF(Z$2<$T9,"-",$T9),Y$2) -> 75 | AW7: =IF(Z$2<$T9,IF(AA$2<$T9,"-",$T9),Z$2) -> 100 | AX7: =IF(AA$2<$T9,IF(AB$2<$T9,"-",$T9),AA$2) -> 125 | AY7: =IF(AB$2<$T9,IF(AC$2<$T9,"-",$T9),AB$2) -> 150 | ... BA7: =IF(AD$2<$T9,IF(AE$2<$T9,"-",$T9),AD$2) -> 180 | BB7: =IF(AE$2<$T9,IF($AG9<$T9,"-",$T9),AE$2) -> 197.5 | BC7: =AG9 -> 209.615
B8: ='Tabel Offset'!A11 -> 2 | C8: 0 | D8: 0 | E8: ='Perhitungan Main Part'!L10 -> 0.97763333 | F8: ='Perhitungan Main Part'!X10 -> 2.8219167 | G8: ='Perhitungan Main Part'!AJ10 -> 8.0321833 | H8: ='Perhitungan Main Part'!AV10 -> 14.598717 | I8: ='Perhitungan Main Part'!BH10 -> 22.859483 | J8: ='Perhitungan Main Part'!BT10 -> 32.58675 | K8: ='Perhitungan Main Part'!CF10 -> 44.093517 | L8: ='Perhitungan Main Part'!CR10 -> 50.5312 | M8: ='Perhitungan Main Part'!DD10 -> 60.082397 | N8: ='Perhitungan Main Part'!DP10 -> 70.070323 | O8: ='Perhitungan Main Part'!ED10 -> 79.350464 | R8: =B8 -> 2 | S8: =R8*$R$3 -> 63.38 | T8: =C8*R$2 -> 0 | U8: =IF(U$2<$T8,"-",D8*$Q$4+$S8) -> 63.38 | V8: =IF(V$2<$T8,"-",E8*$Q$4+$S8) -> 63.868817 | W8: =IF(W$2<$T8,"-",F8*$Q$4+$S8) -> 64.790958 | X8: =IF(X$2<$T8,"-",G8*$Q$4+$S8) -> 67.396092 | Y8: =IF(Y$2<$T8,"-",H8*$Q$4+$S8) -> 70.679358 | Z8: =IF(Z$2<$T8,"-",I8*$Q$4+$S8) -> 74.809742 | AA8: =IF(AA$2<$T8,"-",J8*$Q$4+$S8) -> 79.673375 | AB8: =IF(AB$2<$T8,"-",K8*$Q$4+$S8) -> 85.426758 | ... AE8: =IF(AE$2<$T8,"-",N8*$Q$4+$S8) -> 98.415162 | AF8: =O8*$Q$4+S8 -> 103.05523 | AG8: ='Perhitungan Main Part'!EA10*R$2 -> 213.6475 | AI8: A | AJ8: SPL | AK8: =AJ5&","&AK5 -> -12.6666666666667,143.825 | AL8: =AM5&","&AM$2 -> -10.5002383333334,180 | AM8: =AN5&","&AN$2 -> -8.23167833333337,197.5 | AN8: =AP5&","&AP$2 -> -4.10896832333337,224.1925 | AR8: =IF(U$2<$T10,IF(V$2<$T10,"-",$T10),U$2) -> 0 | AS8: =IF(V$2<$T10,IF(W$2<$T10,"-",$T10),V$2) -> 12.5 | AT8: =IF(W$2<$T10,IF(X$2<$T10,"-",$T10),W$2) -> 25 | AU8: =IF(X$2<$T10,IF(Y$2<$T10,"-",$T10),X$2) -> 50 | AV8: =IF(Y$2<$T10,IF(Z$2<$T10,"-",$T10),Y$2) -> 75 | AW8: =IF(Z$2<$T10,IF(AA$2<$T10,"-",$T10),Z$2) -> 100 | AX8: =IF(AA$2<$T10,IF(AB$2<$T10,"-",$T10),AA$2) -> 125 | AY8: =IF(AB$2<$T10,IF(AC$2<$T10,"-",$T10),AB$2) -> 150 | ... BA8: =IF(AD$2<$T10,IF(AE$2<$T10,"-",$T10),AD$2) -> 180 | BB8: =IF(AE$2<$T10,IF($AG10<$T10,"-",$T10),AE$2) -> 197.5 | BC8: =AG10 -> 206.9425
B9: ='Tabel Offset'!A12 -> 3 | C9: 0 | D9: 0 | E9: ='Perhitungan Main Part'!L11 -> 2.1214667 | F9: ='Perhitungan Main Part'!X11 -> 5.3824167 | G9: ='Perhitungan Main Part'!AJ11 -> 14.460717 | H9: ='Perhitungan Main Part'!AV11 -> 24.677817 | I9: ='Perhitungan Main Part'!BH11 -> 36.92845 | J9: ='Perhitungan Main Part'!BT11 -> 50.50565 | K9: ='Perhitungan Main Part'!CF11 -> 65.197417 | L9: ='Perhitungan Main Part'!CR11 -> 72.749383 | M9: ='Perhitungan Main Part'!DD11 -> 83.472403 | N9: ='Perhitungan Main Part'!DP11 -> 94.33995 | O9: ='Perhitungan Main Part'!ED11 -> 101.76384 | R9: =B9 -> 3 | S9: =R9*$R$3 -> 95.07 | T9: =C9*R$2 -> 0 | U9: =IF(U$2<$T9,"-",D9*$Q$4+$S9) -> 95.07 | V9: =IF(V$2<$T9,"-",E9*$Q$4+$S9) -> 96.130733 | W9: =IF(W$2<$T9,"-",F9*$Q$4+$S9) -> 97.761208 | X9: =IF(X$2<$T9,"-",G9*$Q$4+$S9) -> 102.30036 | Y9: =IF(Y$2<$T9,"-",H9*$Q$4+$S9) -> 107.40891 | Z9: =IF(Z$2<$T9,"-",I9*$Q$4+$S9) -> 113.53423 | AA9: =IF(AA$2<$T9,"-",J9*$Q$4+$S9) -> 120.32283 | AB9: =IF(AB$2<$T9,"-",K9*$Q$4+$S9) -> 127.66871 | ... AE9: =IF(AE$2<$T9,"-",N9*$Q$4+$S9) -> 142.23998 | AF9: =O9*$Q$4+S9 -> 145.95192 | AG9: ='Perhitungan Main Part'!EA11*R$2 -> 209.615 | AR9: =IF(U$2<$T11,IF(V$2<$T11,"-",$T11),U$2) -> 0 | AS9: =IF(V$2<$T11,IF(W$2<$T11,"-",$T11),V$2) -> 12.5 | AT9: =IF(W$2<$T11,IF(X$2<$T11,"-",$T11),W$2) -> 25 | AU9: =IF(X$2<$T11,IF(Y$2<$T11,"-",$T11),X$2) -> 50 | AV9: =IF(Y$2<$T11,IF(Z$2<$T11,"-",$T11),Y$2) -> 75 | AW9: =IF(Z$2<$T11,IF(AA$2<$T11,"-",$T11),Z$2) -> 100 | AX9: =IF(AA$2<$T11,IF(AB$2<$T11,"-",$T11),AA$2) -> 125 | AY9: =IF(AB$2<$T11,IF(AC$2<$T11,"-",$T11),AB$2) -> 150 | ... BA9: =IF(AD$2<$T11,IF(AE$2<$T11,"-",$T11),AD$2) -> 180 | BB9: =IF(AE$2<$T11,IF($AG11<$T11,"-",$T11),AE$2) -> 197.5 | BC9: =AG11 -> 204.34
B10: ='Tabel Offset'!A13 -> 4 | C10: 0 | D10: 0 | E10: ='Perhitungan Main Part'!L12 -> 3.98525 | F10: ='Perhitungan Main Part'!X12 -> 9.5922333 | G10: ='Perhitungan Main Part'!AJ12 -> 22.393233 | H10: ='Perhitungan Main Part'!AV12 -> 36.155467 | I10: ='Perhitungan Main Part'!BH12 -> 51.424633 | J10: ='Perhitungan Main Part'!BT12 -> 67.164133 | K10: ='Perhitungan Main Part'!CF12 -> 83.0847 | L10: ='Perhitungan Main Part'!CR12 -> 91.082967 | M10: ='Perhitungan Main Part'!DD12 -> 102.31281 | N10: ='Perhitungan Main Part'!DP12 -> 113.57488 | O10: ='Perhitungan Main Part'!ED12 -> 119.53079 | R10: =B10 -> 4 | S10: =R10*$R$3 -> 126.76 | T10: =C10*R$2 -> 0 | U10: =IF(U$2<$T10,"-",D10*$Q$4+$S10) -> 126.76 | V10: =IF(V$2<$T10,"-",E10*$Q$4+$S10) -> 128.75262 | W10: =IF(W$2<$T10,"-",F10*$Q$4+$S10) -> 131.55612 | X10: =IF(X$2<$T10,"-",G10*$Q$4+$S10) -> 137.95662 | Y10: =IF(Y$2<$T10,"-",H10*$Q$4+$S10) -> 144.83773 | Z10: =IF(Z$2<$T10,"-",I10*$Q$4+$S10) -> 152.47232 | AA10: =IF(AA$2<$T10,"-",J10*$Q$4+$S10) -> 160.34207 | AB10: =IF(AB$2<$T10,"-",K10*$Q$4+$S10) -> 168.30235 | ... AE10: =IF(AE$2<$T10,"-",N10*$Q$4+$S10) -> 183.54744 | AF10: =O10*$Q$4+S10 -> 186.5254 | AG10: ='Perhitungan Main Part'!EA12*R$2 -> 206.9425 | AI10: Transom | AJ10: spl | AK10: =AJ4&","&AK4 -> -25.3333333333334,157.45 | AL10: =$AJ4&","&AM$2 -> -25.3333333333334,180 | AM10: =$AJ4&","&AN$2 -> -25.3333333333334,197.5 | AN10: =$AJ4&","&AO$2 -> -25.3333333333334,226.38 | AR10: =IF(U$2<$T12,IF(V$2<$T12,"-",$T12),U$2) -> 0 | AS10: =IF(V$2<$T12,IF(W$2<$T12,"-",$T12),V$2) -> 12.5 | AT10: =IF(W$2<$T12,IF(X$2<$T12,"-",$T12),W$2) -> 25 | AU10: =IF(X$2<$T12,IF(Y$2<$T12,"-",$T12),X$2) -> 50 | AV10: =IF(Y$2<$T12,IF(Z$2<$T12,"-",$T12),Y$2) -> 75 | AW10: =IF(Z$2<$T12,IF(AA$2<$T12,"-",$T12),Z$2) -> 100 | AX10: =IF(AA$2<$T12,IF(AB$2<$T12,"-",$T12),AA$2) -> 125 | AY10: =IF(AB$2<$T12,IF(AC$2<$T12,"-",$T12),AB$2) -> 150 | ... BA10: =IF(AD$2<$T12,IF(AE$2<$T12,"-",$T12),AD$2) -> 180 | BB10: =IF(AE$2<$T12,IF($AG12<$T12,"-",$T12),AE$2) -> 197.5 | BC10: =AG12 -> 201.77
B11: ='Tabel Offset'!A14 -> 5 | C11: 0 | D11: 0 | E11: ='Perhitungan Main Part'!L13 -> 5.7002 | F11: ='Perhitungan Main Part'!X13 -> 12.606533 | G11: ='Perhitungan Main Part'!AJ13 -> 27.9626 | H11: ='Perhitungan Main Part'!AV13 -> 43.7726 | I11: ='Perhitungan Main Part'!BH13 -> 59.952133 | J11: ='Perhitungan Main Part'!BT13 -> 76.180733 | K11: ='Perhitungan Main Part'!CF13 -> 92.426967 | L11: ='Perhitungan Main Part'!CR13 -> 100.55457 | M11: ='Perhitungan Main Part'!DD13 -> 111.93722 | N11: ='Perhitungan Main Part'!DP13 -> 123.32365 | O11: ='Perhitungan Main Part'!ED13 -> 127.67779 | R11: =B11 -> 5 | S11: =R11*$R$3 -> 158.45 | T11: =C11*R$2 -> 0 | U11: =IF(U$2<$T11,"-",D11*$Q$4+$S11) -> 158.45 | V11: =IF(V$2<$T11,"-",E11*$Q$4+$S11) -> 161.3001 | W11: =IF(W$2<$T11,"-",F11*$Q$4+$S11) -> 164.75327 | X11: =IF(X$2<$T11,"-",G11*$Q$4+$S11) -> 172.4313 | Y11: =IF(Y$2<$T11,"-",H11*$Q$4+$S11) -> 180.3363 | Z11: =IF(Z$2<$T11,"-",I11*$Q$4+$S11) -> 188.42607 | AA11: =IF(AA$2<$T11,"-",J11*$Q$4+$S11) -> 196.54037 | AB11: =IF(AB$2<$T11,"-",K11*$Q$4+$S11) -> 204.66348 | ... AE11: =IF(AE$2<$T11,"-",N11*$Q$4+$S11) -> 220.11183 | AF11: =O11*$Q$4+S11 -> 222.28889 | AG11: ='Perhitungan Main Part'!EA13*R$2 -> 204.34 | AI11: A | AJ11: spl | AK11: =AJ5&","&AK5 -> -12.6666666666667,143.825 | AL11: =$AJ5&","&AM$2 -> -12.6666666666667,180 | AM11: =$AJ5&","&AN$2 -> -12.6666666666667,197.5 | AN11: =$AJ5&","&AP$2 -> -12.6666666666667,224.1925 | AR11: =IF(U$2<$T13,IF(V$2<$T13,"-",$T13),U$2) -> 0 | AS11: =IF(V$2<$T13,IF(W$2<$T13,"-",$T13),V$2) -> 12.5 | AT11: =IF(W$2<$T13,IF(X$2<$T13,"-",$T13),W$2) -> 25 | AU11: =IF(X$2<$T13,IF(Y$2<$T13,"-",$T13),X$2) -> 50 | AV11: =IF(Y$2<$T13,IF(Z$2<$T13,"-",$T13),Y$2) -> 75 | AW11: =IF(Z$2<$T13,IF(AA$2<$T13,"-",$T13),Z$2) -> 100 | AX11: =IF(AA$2<$T13,IF(AB$2<$T13,"-",$T13),AA$2) -> 125 | AY11: =IF(AB$2<$T13,IF(AC$2<$T13,"-",$T13),AB$2) -> 150 | ... BA11: =IF(AD$2<$T13,IF(AE$2<$T13,"-",$T13),AD$2) -> 180 | BB11: =IF(AE$2<$T13,IF($AG13<$T13,"-",$T13),AE$2) -> 197.5 | BC11: =AG13 -> 200.36
B12: ='Tabel Offset'!A15 -> 6 | C12: 0 | D12: 0 | E12: ='Perhitungan Main Part'!L14 -> 6.7695333 | F12: ='Perhitungan Main Part'!X14 -> 14.671567 | G12: ='Perhitungan Main Part'!AJ14 -> 30.845333 | H12: ='Perhitungan Main Part'!AV14 -> 47.0827 | I12: ='Perhitungan Main Part'!BH14 -> 63.365367 | J12: ='Perhitungan Main Part'!BT14 -> 79.6505 | K12: ='Perhitungan Main Part'!CF14 -> 95.937333 | L12: ='Perhitungan Main Part'!CR14 -> 104.0813 | M12: ='Perhitungan Main Part'!DD14 -> 115.4829 | N12: ='Perhitungan Main Part'!DP14 -> 126.8845 | O12: ='Perhitungan Main Part'!ED14 -> 129.60808 | R12: =B12 -> 6 | S12: =R12*$R$3 -> 190.14 | T12: =C12*R$2 -> 0 | U12: =IF(U$2<$T12,"-",D12*$Q$4+$S12) -> 190.14 | V12: =IF(V$2<$T12,"-",E12*$Q$4+$S12) -> 193.52477 | W12: =IF(W$2<$T12,"-",F12*$Q$4+$S12) -> 197.47578 | X12: =IF(X$2<$T12,"-",G12*$Q$4+$S12) -> 205.56267 | Y12: =IF(Y$2<$T12,"-",H12*$Q$4+$S12) -> 213.68135 | Z12: =IF(Z$2<$T12,"-",I12*$Q$4+$S12) -> 221.82268 | AA12: =IF(AA$2<$T12,"-",J12*$Q$4+$S12) -> 229.96525 | AB12: =IF(AB$2<$T12,"-",K12*$Q$4+$S12) -> 238.10867 | ... AE12: =IF(AE$2<$T12,"-",N12*$Q$4+$S12) -> 253.58225 | AF12: =O12*$Q$4+S12 -> 254.94404 | AG12: ='Perhitungan Main Part'!EA14*R$2 -> 201.77 | AI12: no sheer | AR12: =IF(U$2<$T14,IF(V$2<$T14,"-",$T14),U$2) -> 0 | AS12: =IF(V$2<$T14,IF(W$2<$T14,"-",$T14),V$2) -> 12.5 | AT12: =IF(W$2<$T14,IF(X$2<$T14,"-",$T14),W$2) -> 25 | AU12: =IF(X$2<$T14,IF(Y$2<$T14,"-",$T14),X$2) -> 50 | AV12: =IF(Y$2<$T14,IF(Z$2<$T14,"-",$T14),Y$2) -> 75 | AW12: =IF(Z$2<$T14,IF(AA$2<$T14,"-",$T14),Z$2) -> 100 | AX12: =IF(AA$2<$T14,IF(AB$2<$T14,"-",$T14),AA$2) -> 125 | AY12: =IF(AB$2<$T14,IF(AC$2<$T14,"-",$T14),AB$2) -> 150 | ... BA12: =IF(AD$2<$T14,IF(AE$2<$T14,"-",$T14),AD$2) -> 180 | BB12: =IF(AE$2<$T14,IF($AG14<$T14,"-",$T14),AE$2) -> 197.5 | BC12: =AG14 -> 199.3125
B13: ='Tabel Offset'!A16 -> 7 | C13: 0 | D13: 0 | E13: ='Perhitungan Main Part'!L15 -> 7.6478667 | F13: ='Perhitungan Main Part'!X15 -> 15.686117 | G13: ='Perhitungan Main Part'!AJ15 -> 31.947583 | H13: ='Perhitungan Main Part'!AV15 -> 48.23105 | I13: ='Perhitungan Main Part'!BH15 -> 64.51905 | J13: ='Perhitungan Main Part'!BT15 -> 80.80705 | K13: ='Perhitungan Main Part'!CF15 -> 97.09505 | L13: ='Perhitungan Main Part'!CR15 -> 105.23905 | M13: ='Perhitungan Main Part'!DD15 -> 116.64065 | N13: ='Perhitungan Main Part'!DP15 -> 128.04225 | O13: ='Perhitungan Main Part'!ED15 -> 129.86834 | R13: =B13 -> 7 | S13: =R13*$R$3 -> 221.83 | T13: =C13*R$2 -> 0 | U13: =IF(U$2<$T13,"-",D13*$Q$4+$S13) -> 221.83 | V13: =IF(V$2<$T13,"-",E13*$Q$4+$S13) -> 225.65393 | W13: =IF(W$2<$T13,"-",F13*$Q$4+$S13) -> 229.67306 | X13: =IF(X$2<$T13,"-",G13*$Q$4+$S13) -> 237.80379 | Y13: =IF(Y$2<$T13,"-",H13*$Q$4+$S13) -> 245.94553 | Z13: =IF(Z$2<$T13,"-",I13*$Q$4+$S13) -> 254.08953 | AA13: =IF(AA$2<$T13,"-",J13*$Q$4+$S13) -> 262.23352 | AB13: =IF(AB$2<$T13,"-",K13*$Q$4+$S13) -> 270.37752 | ... AE13: =IF(AE$2<$T13,"-",N13*$Q$4+$S13) -> 285.85113 | AF13: =O13*$Q$4+S13 -> 286.76417 | AG13: ='Perhitungan Main Part'!EA15*R$2 -> 200.36 | AI13: Transom | AJ13: Line | AK13: =AJ4&","&AN2 -> -25.3333333333334,197.5 | AL13: =AN4&","&AN2 -> -22.5388733333334,197.5 | AR13: =IF(U$2<$T15,IF(V$2<$T15,"-",$T15),U$2) -> 0 | AS13: =IF(V$2<$T15,IF(W$2<$T15,"-",$T15),V$2) -> 12.5 | AT13: =IF(W$2<$T15,IF(X$2<$T15,"-",$T15),W$2) -> 25 | AU13: =IF(X$2<$T15,IF(Y$2<$T15,"-",$T15),X$2) -> 50 | AV13: =IF(Y$2<$T15,IF(Z$2<$T15,"-",$T15),Y$2) -> 75 | AW13: =IF(Z$2<$T15,IF(AA$2<$T15,"-",$T15),Z$2) -> 100 | AX13: =IF(AA$2<$T15,IF(AB$2<$T15,"-",$T15),AA$2) -> 125 | AY13: =IF(AB$2<$T15,IF(AC$2<$T15,"-",$T15),AB$2) -> 150 | ... BA13: =IF(AD$2<$T15,IF(AE$2<$T15,"-",$T15),AD$2) -> 180 | BB13: =IF(AE$2<$T15,IF($AG15<$T15,"-",$T15),AE$2) -> 197.5 | BC13: =AG15 -> 198.4975
B14: ='Tabel Offset'!A17 -> 8 | C14: 0 | D14: 0 | E14: ='Perhitungan Main Part'!L16 -> 7.8819333 | F14: ='Perhitungan Main Part'!X16 -> 16.025933 | G14: ='Perhitungan Main Part'!AJ16 -> 32.313933 | H14: ='Perhitungan Main Part'!AV16 -> 48.601933 | I14: ='Perhitungan Main Part'!BH16 -> 64.889933 | J14: ='Perhitungan Main Part'!BT16 -> 81.177933 | K14: ='Perhitungan Main Part'!CF16 -> 97.465933 | L14: ='Perhitungan Main Part'!CR16 -> 105.60993 | M14: ='Perhitungan Main Part'!DD16 -> 117.01153 | N14: ='Perhitungan Main Part'!DP16 -> 128.41313 | O14: ='Perhitungan Main Part'!ED16 -> 129.57149 | R14: =B14 -> 8 | S14: =R14*$R$3 -> 253.52 | T14: =C14*R$2 -> 0 | U14: =IF(U$2<$T14,"-",D14*$Q$4+$S14) -> 253.52 | V14: =IF(V$2<$T14,"-",E14*$Q$4+$S14) -> 257.46097 | W14: =IF(W$2<$T14,"-",F14*$Q$4+$S14) -> 261.53297 | X14: =IF(X$2<$T14,"-",G14*$Q$4+$S14) -> 269.67697 | Y14: =IF(Y$2<$T14,"-",H14*$Q$4+$S14) -> 277.82097 | Z14: =IF(Z$2<$T14,"-",I14*$Q$4+$S14) -> 285.96497 | AA14: =IF(AA$2<$T14,"-",J14*$Q$4+$S14) -> 294.10897 | AB14: =IF(AB$2<$T14,"-",K14*$Q$4+$S14) -> 302.25297 | ... AE14: =IF(AE$2<$T14,"-",N14*$Q$4+$S14) -> 317.72657 | AF14: =O14*$Q$4+S14 -> 318.30575 | AG14: ='Perhitungan Main Part'!EA16*R$2 -> 199.3125 | AI14: A | AJ14: Line | AK14: =AJ5&","&AN2 -> -12.6666666666667,197.5 | AL14: =AN5&","&AN2 -> -8.23167833333337,197.5 | AR14: =IF(U$2<$T16,IF(V$2<$T16,"-",$T16),U$2) -> 0 | AS14: =IF(V$2<$T16,IF(W$2<$T16,"-",$T16),V$2) -> 12.5 | AT14: =IF(W$2<$T16,IF(X$2<$T16,"-",$T16),W$2) -> 25 | AU14: =IF(X$2<$T16,IF(Y$2<$T16,"-",$T16),X$2) -> 50 | AV14: =IF(Y$2<$T16,IF(Z$2<$T16,"-",$T16),Y$2) -> 75 | AW14: =IF(Z$2<$T16,IF(AA$2<$T16,"-",$T16),Z$2) -> 100 | AX14: =IF(AA$2<$T16,IF(AB$2<$T16,"-",$T16),AA$2) -> 125 | AY14: =IF(AB$2<$T16,IF(AC$2<$T16,"-",$T16),AB$2) -> 150 | ... BA14: =IF(AD$2<$T16,IF(AE$2<$T16,"-",$T16),AD$2) -> 180 | BB14: =IF(AE$2<$T16,IF($AG16<$T16,"-",$T16),AE$2) -> 197.5 | BC14: =AG16 -> 198.17
B15: ='Tabel Offset'!A18 -> 9 | C15: 0 | D15: 0 | E15: ='Perhitungan Main Part'!L17 -> 7.8819333 | F15: ='Perhitungan Main Part'!X17 -> 16.025933 | G15: ='Perhitungan Main Part'!AJ17 -> 32.313933 | H15: ='Perhitungan Main Part'!AV17 -> 48.601933 | I15: ='Perhitungan Main Part'!BH17 -> 64.889933 | J15: ='Perhitungan Main Part'!BT17 -> 81.177933 | K15: ='Perhitungan Main Part'!CF17 -> 97.465933 | L15: ='Perhitungan Main Part'!CR17 -> 105.60993 | M15: ='Perhitungan Main Part'!DD17 -> 117.01153 | N15: ='Perhitungan Main Part'!DP17 -> 128.41313 | O15: ='Perhitungan Main Part'!ED17 -> 129.05078 | R15: =B15 -> 9 | S15: =R15*$R$3 -> 285.21 | T15: =C15*R$2 -> 0 | U15: =IF(U$2<$T15,"-",D15*$Q$4+$S15) -> 285.21 | V15: =IF(V$2<$T15,"-",E15*$Q$4+$S15) -> 289.15097 | W15: =IF(W$2<$T15,"-",F15*$Q$4+$S15) -> 293.22297 | X15: =IF(X$2<$T15,"-",G15*$Q$4+$S15) -> 301.36697 | Y15: =IF(Y$2<$T15,"-",H15*$Q$4+$S15) -> 309.51097 | Z15: =IF(Z$2<$T15,"-",I15*$Q$4+$S15) -> 317.65497 | AA15: =IF(AA$2<$T15,"-",J15*$Q$4+$S15) -> 325.79897 | AB15: =IF(AB$2<$T15,"-",K15*$Q$4+$S15) -> 333.94297 | ... AE15: =IF(AE$2<$T15,"-",N15*$Q$4+$S15) -> 349.41657 | AF15: =O15*$Q$4+S15 -> 349.73539 | AG15: ='Perhitungan Main Part'!EA17*R$2 -> 198.4975 | AI15: with sheer | AR15: =IF(U$2<$T17,IF(V$2<$T17,"-",$T17),U$2) -> 0 | AS15: =IF(V$2<$T17,IF(W$2<$T17,"-",$T17),V$2) -> 12.5 | AT15: =IF(W$2<$T17,IF(X$2<$T17,"-",$T17),W$2) -> 25 | AU15: =IF(X$2<$T17,IF(Y$2<$T17,"-",$T17),X$2) -> 50 | AV15: =IF(Y$2<$T17,IF(Z$2<$T17,"-",$T17),Y$2) -> 75 | AW15: =IF(Z$2<$T17,IF(AA$2<$T17,"-",$T17),Z$2) -> 100 | AX15: =IF(AA$2<$T17,IF(AB$2<$T17,"-",$T17),AA$2) -> 125 | AY15: =IF(AB$2<$T17,IF(AC$2<$T17,"-",$T17),AB$2) -> 150 | ... BA15: =IF(AD$2<$T17,IF(AE$2<$T17,"-",$T17),AD$2) -> 180 | BB15: =IF(AE$2<$T17,IF($AG17<$T17,"-",$T17),AE$2) -> 197.5 | BC15: =AG17 -> 198.5325
B16: ='Tabel Offset'!A19 -> 10 | C16: 0 | D16: 0 | E16: ='Perhitungan Main Part'!L18 -> 7.8819333 | F16: ='Perhitungan Main Part'!X18 -> 16.025933 | G16: ='Perhitungan Main Part'!AJ18 -> 32.313933 | H16: ='Perhitungan Main Part'!AV18 -> 48.601933 | I16: ='Perhitungan Main Part'!BH18 -> 64.889933 | J16: ='Perhitungan Main Part'!BT18 -> 81.177933 | K16: ='Perhitungan Main Part'!CF18 -> 97.465933 | L16: ='Perhitungan Main Part'!CR18 -> 105.60993 | M16: ='Perhitungan Main Part'!DD18 -> 117.01153 | N16: ='Perhitungan Main Part'!DP18 -> 128.41313 | O16: ='Perhitungan Main Part'!ED18 -> 128.84142 | R16: =B16 -> 10 | S16: =R16*$R$3 -> 316.9 | T16: =C16*R$2 -> 0 | U16: =IF(U$2<$T16,"-",D16*$Q$4+$S16) -> 316.9 | V16: =IF(V$2<$T16,"-",E16*$Q$4+$S16) -> 320.84097 | W16: =IF(W$2<$T16,"-",F16*$Q$4+$S16) -> 324.91297 | X16: =IF(X$2<$T16,"-",G16*$Q$4+$S16) -> 333.05697 | Y16: =IF(Y$2<$T16,"-",H16*$Q$4+$S16) -> 341.20097 | Z16: =IF(Z$2<$T16,"-",I16*$Q$4+$S16) -> 349.34497 | AA16: =IF(AA$2<$T16,"-",J16*$Q$4+$S16) -> 357.48897 | AB16: =IF(AB$2<$T16,"-",K16*$Q$4+$S16) -> 365.63297 | ... AE16: =IF(AE$2<$T16,"-",N16*$Q$4+$S16) -> 381.10657 | AF16: =O16*$Q$4+S16 -> 381.32071 | AG16: ='Perhitungan Main Part'!EA18*R$2 -> 198.17 | AI16: Transom | AJ16: SPL | AK16: =AJ4&","&AO2 -> -25.3333333333334,226.38 | AL16: =AO4&","&AO2 -> -18.8084244800001,226.38 | AR16: =IF(U$2<$T18,IF(V$2<$T18,"-",$T18),U$2) -> 0 | AS16: =IF(V$2<$T18,IF(W$2<$T18,"-",$T18),V$2) -> 12.5 | AT16: =IF(W$2<$T18,IF(X$2<$T18,"-",$T18),W$2) -> 25 | AU16: =IF(X$2<$T18,IF(Y$2<$T18,"-",$T18),X$2) -> 50 | AV16: =IF(Y$2<$T18,IF(Z$2<$T18,"-",$T18),Y$2) -> 75 | AW16: =IF(Z$2<$T18,IF(AA$2<$T18,"-",$T18),Z$2) -> 100 | AX16: =IF(AA$2<$T18,IF(AB$2<$T18,"-",$T18),AA$2) -> 125 | AY16: =IF(AB$2<$T18,IF(AC$2<$T18,"-",$T18),AB$2) -> 150 | ... BA16: =IF(AD$2<$T18,IF(AE$2<$T18,"-",$T18),AD$2) -> 180 | BB16: =IF(AE$2<$T18,IF($AG18<$T18,"-",$T18),AE$2) -> 197.5 | BC16: =AG18 -> 201.105
B17: ='Tabel Offset'!A20 -> 11 | C17: 0 | D17: 0 | E17: ='Perhitungan Main Part'!L19 -> 7.8819333 | F17: ='Perhitungan Main Part'!X19 -> 16.025933 | G17: ='Perhitungan Main Part'!AJ19 -> 32.313933 | H17: ='Perhitungan Main Part'!AV19 -> 48.601933 | I17: ='Perhitungan Main Part'!BH19 -> 64.889933 | J17: ='Perhitungan Main Part'!BT19 -> 81.177933 | K17: ='Perhitungan Main Part'!CF19 -> 97.465933 | L17: ='Perhitungan Main Part'!CR19 -> 105.60993 | M17: ='Perhitungan Main Part'!DD19 -> 117.01153 | N17: ='Perhitungan Main Part'!DP19 -> 128.41313 | O17: ='Perhitungan Main Part'!ED19 -> 129.07315 | R17: =B17 -> 11 | S17: =R17*$R$3 -> 348.59 | T17: =C17*R$2 -> 0 | U17: =IF(U$2<$T17,"-",D17*$Q$4+$S17) -> 348.59 | V17: =IF(V$2<$T17,"-",E17*$Q$4+$S17) -> 352.53097 | W17: =IF(W$2<$T17,"-",F17*$Q$4+$S17) -> 356.60297 | X17: =IF(X$2<$T17,"-",G17*$Q$4+$S17) -> 364.74697 | Y17: =IF(Y$2<$T17,"-",H17*$Q$4+$S17) -> 372.89097 | Z17: =IF(Z$2<$T17,"-",I17*$Q$4+$S17) -> 381.03497 | AA17: =IF(AA$2<$T17,"-",J17*$Q$4+$S17) -> 389.17897 | AB17: =IF(AB$2<$T17,"-",K17*$Q$4+$S17) -> 397.32297 | ... AE17: =IF(AE$2<$T17,"-",N17*$Q$4+$S17) -> 412.79657 | AF17: =O17*$Q$4+S17 -> 413.12657 | AG17: ='Perhitungan Main Part'!EA19*R$2 -> 198.5325 | AI17: A | AJ17: SPL | AK17: =AJ5&","&AP2 -> -12.6666666666667,224.1925 | AL17: =AP5&","&AP2 -> -4.10896832333337,224.1925 | AR17: =IF(U$2<$T19,IF(V$2<$T19,"-",$T19),U$2) -> 0 | AS17: =IF(V$2<$T19,IF(W$2<$T19,"-",$T19),V$2) -> 12.5 | AT17: =IF(W$2<$T19,IF(X$2<$T19,"-",$T19),W$2) -> 25 | AU17: =IF(X$2<$T19,IF(Y$2<$T19,"-",$T19),X$2) -> 50 | AV17: =IF(Y$2<$T19,IF(Z$2<$T19,"-",$T19),Y$2) -> 75 | AW17: =IF(Z$2<$T19,IF(AA$2<$T19,"-",$T19),Z$2) -> 100 | AX17: =IF(AA$2<$T19,IF(AB$2<$T19,"-",$T19),AA$2) -> 125 | AY17: =IF(AB$2<$T19,IF(AC$2<$T19,"-",$T19),AB$2) -> 150 | ... BA17: =IF(AD$2<$T19,IF(AE$2<$T19,"-",$T19),AD$2) -> 180 | BB17: =IF(AE$2<$T19,IF($AG19<$T19,"-",$T19),AE$2) -> 197.5 | BC17: =AG19 -> 204.705
B18: ='Tabel Offset'!A21 -> 12 | C18: 0 | D18: 0 | E18: ='Perhitungan Main Part'!L20 -> 7.8819333 | F18: ='Perhitungan Main Part'!X20 -> 16.025933 | G18: ='Perhitungan Main Part'!AJ20 -> 32.313933 | H18: ='Perhitungan Main Part'!AV20 -> 48.601933 | I18: ='Perhitungan Main Part'!BH20 -> 64.889933 | J18: ='Perhitungan Main Part'!BT20 -> 81.177933 | K18: ='Perhitungan Main Part'!CF20 -> 97.465933 | L18: ='Perhitungan Main Part'!CR20 -> 105.60993 | M18: ='Perhitungan Main Part'!DD20 -> 117.01153 | N18: ='Perhitungan Main Part'!DP20 -> 128.41313 | O18: ='Perhitungan Main Part'!ED20 -> 130.71755 | R18: =B18 -> 12 | S18: =R18*$R$3 -> 380.28 | T18: =C18*R$2 -> 0 | U18: =IF(U$2<$T18,"-",D18*$Q$4+$S18) -> 380.28 | V18: =IF(V$2<$T18,"-",E18*$Q$4+$S18) -> 384.22097 | W18: =IF(W$2<$T18,"-",F18*$Q$4+$S18) -> 388.29297 | X18: =IF(X$2<$T18,"-",G18*$Q$4+$S18) -> 396.43697 | Y18: =IF(Y$2<$T18,"-",H18*$Q$4+$S18) -> 404.58097 | Z18: =IF(Z$2<$T18,"-",I18*$Q$4+$S18) -> 412.72497 | AA18: =IF(AA$2<$T18,"-",J18*$Q$4+$S18) -> 420.86897 | AB18: =IF(AB$2<$T18,"-",K18*$Q$4+$S18) -> 429.01297 | ... AE18: =IF(AE$2<$T18,"-",N18*$Q$4+$S18) -> 444.48657 | AF18: =O18*$Q$4+S18 -> 445.63877 | AG18: ='Perhitungan Main Part'!EA20*R$2 -> 201.105 | AR18: =IF(U$2<$T20,IF(V$2<$T20,"-",$T20),U$2) -> 0 | AS18: =IF(V$2<$T20,IF(W$2<$T20,"-",$T20),V$2) -> 12.5 | AT18: =IF(W$2<$T20,IF(X$2<$T20,"-",$T20),W$2) -> 25 | AU18: =IF(X$2<$T20,IF(Y$2<$T20,"-",$T20),X$2) -> 50 | AV18: =IF(Y$2<$T20,IF(Z$2<$T20,"-",$T20),Y$2) -> 75 | AW18: =IF(Z$2<$T20,IF(AA$2<$T20,"-",$T20),Z$2) -> 100 | AX18: =IF(AA$2<$T20,IF(AB$2<$T20,"-",$T20),AA$2) -> 125 | AY18: =IF(AB$2<$T20,IF(AC$2<$T20,"-",$T20),AB$2) -> 150 | ... BA18: =IF(AD$2<$T20,IF(AE$2<$T20,"-",$T20),AD$2) -> 180 | BB18: =IF(AE$2<$T20,IF($AG20<$T20,"-",$T20),AE$2) -> 197.5 | BC18: =AG20 -> 209.855
B19: ='Tabel Offset'!A22 -> 13 | C19: 0 | D19: 0 | E19: ='Perhitungan Main Part'!L21 -> 7.9278333 | F19: ='Perhitungan Main Part'!X21 -> 16.071833 | G19: ='Perhitungan Main Part'!AJ21 -> 32.359833 | H19: ='Perhitungan Main Part'!AV21 -> 48.647833 | I19: ='Perhitungan Main Part'!BH21 -> 64.935833 | J19: ='Perhitungan Main Part'!BT21 -> 81.223833 | K19: ='Perhitungan Main Part'!CF21 -> 97.511833 | L19: ='Perhitungan Main Part'!CR21 -> 105.65583 | M19: ='Perhitungan Main Part'!DD21 -> 117.05743 | N19: ='Perhitungan Main Part'!DP21 -> 128.45903 | O19: ='Perhitungan Main Part'!ED21 -> 133.06389 | R19: =B19 -> 13 | S19: =R19*$R$3 -> 411.97 | T19: =C19*R$2 -> 0 | U19: =IF(U$2<$T19,"-",D19*$Q$4+$S19) -> 411.97 | V19: =IF(V$2<$T19,"-",E19*$Q$4+$S19) -> 415.93392 | W19: =IF(W$2<$T19,"-",F19*$Q$4+$S19) -> 420.00592 | X19: =IF(X$2<$T19,"-",G19*$Q$4+$S19) -> 428.14992 | Y19: =IF(Y$2<$T19,"-",H19*$Q$4+$S19) -> 436.29392 | Z19: =IF(Z$2<$T19,"-",I19*$Q$4+$S19) -> 444.43792 | AA19: =IF(AA$2<$T19,"-",J19*$Q$4+$S19) -> 452.58192 | AB19: =IF(AB$2<$T19,"-",K19*$Q$4+$S19) -> 460.72592 | ... AE19: =IF(AE$2<$T19,"-",N19*$Q$4+$S19) -> 476.19952 | AF19: =O19*$Q$4+S19 -> 478.50195 | AG19: ='Perhitungan Main Part'!EA21*R$2 -> 204.705 | AR19: =IF(U$2<$T21,IF(V$2<$T21,"-",$T21),U$2) -> 0 | AS19: =IF(V$2<$T21,IF(W$2<$T21,"-",$T21),V$2) -> 12.5 | AT19: =IF(W$2<$T21,IF(X$2<$T21,"-",$T21),W$2) -> 25 | AU19: =IF(X$2<$T21,IF(Y$2<$T21,"-",$T21),X$2) -> 50 | AV19: =IF(Y$2<$T21,IF(Z$2<$T21,"-",$T21),Y$2) -> 75 | AW19: =IF(Z$2<$T21,IF(AA$2<$T21,"-",$T21),Z$2) -> 100 | AX19: =IF(AA$2<$T21,IF(AB$2<$T21,"-",$T21),AA$2) -> 125 | AY19: =IF(AB$2<$T21,IF(AC$2<$T21,"-",$T21),AB$2) -> 150 | ... BA19: =IF(AD$2<$T21,IF(AE$2<$T21,"-",$T21),AD$2) -> 180 | BB19: =IF(AE$2<$T21,IF($AG21<$T21,"-",$T21),AE$2) -> 197.5 | BC19: =AG21 -> 215.0425
B20: ='Tabel Offset'!A23 -> 14 | C20: 0 | D20: 0 | E20: ='Perhitungan Main Part'!L22 -> 7.6647667 | F20: ='Perhitungan Main Part'!X22 -> 15.7411 | G20: ='Perhitungan Main Part'!AJ22 -> 31.998867 | H20: ='Perhitungan Main Part'!AV22 -> 48.280733 | I20: ='Perhitungan Main Part'!BH22 -> 64.568567 | J20: ='Perhitungan Main Part'!BT22 -> 80.856567 | K20: ='Perhitungan Main Part'!CF22 -> 97.144567 | L20: ='Perhitungan Main Part'!CR22 -> 105.28857 | M20: ='Perhitungan Main Part'!DD22 -> 116.69017 | N20: ='Perhitungan Main Part'!DP22 -> 128.09177 | O20: ='Perhitungan Main Part'!ED22 -> 135.98282 | R20: =B20 -> 14 | S20: =R20*$R$3 -> 443.66 | T20: =C20*R$2 -> 0 | U20: =IF(U$2<$T20,"-",D20*$Q$4+$S20) -> 443.66 | V20: =IF(V$2<$T20,"-",E20*$Q$4+$S20) -> 447.49238 | W20: =IF(W$2<$T20,"-",F20*$Q$4+$S20) -> 451.53055 | X20: =IF(X$2<$T20,"-",G20*$Q$4+$S20) -> 459.65943 | Y20: =IF(Y$2<$T20,"-",H20*$Q$4+$S20) -> 467.80037 | Z20: =IF(Z$2<$T20,"-",I20*$Q$4+$S20) -> 475.94428 | AA20: =IF(AA$2<$T20,"-",J20*$Q$4+$S20) -> 484.08828 | AB20: =IF(AB$2<$T20,"-",K20*$Q$4+$S20) -> 492.23228 | ... AE20: =IF(AE$2<$T20,"-",N20*$Q$4+$S20) -> 507.70588 | AF20: =O20*$Q$4+S20 -> 511.65141 | AG20: ='Perhitungan Main Part'!EA22*R$2 -> 209.855 | AR20: =IF(U$2<$T22,IF(V$2<$T22,"-",$T22),U$2) -> 0 | AS20: =IF(V$2<$T22,IF(W$2<$T22,"-",$T22),V$2) -> 12.5 | AT20: =IF(W$2<$T22,IF(X$2<$T22,"-",$T22),W$2) -> 25 | AU20: =IF(X$2<$T22,IF(Y$2<$T22,"-",$T22),X$2) -> 50 | AV20: =IF(Y$2<$T22,IF(Z$2<$T22,"-",$T22),Y$2) -> 75 | AW20: =IF(Z$2<$T22,IF(AA$2<$T22,"-",$T22),Z$2) -> 100 | AX20: =IF(AA$2<$T22,IF(AB$2<$T22,"-",$T22),AA$2) -> 125 | AY20: =IF(AB$2<$T22,IF(AC$2<$T22,"-",$T22),AB$2) -> 150 | ... BA20: =IF(AD$2<$T22,IF(AE$2<$T22,"-",$T22),AD$2) -> 180 | BB20: =IF(AE$2<$T22,IF($AG22<$T22,"-",$T22),AE$2) -> 197.5 | BC20: =AG22 -> 220.285
B21: ='Tabel Offset'!A24 -> 15 | C21: 0 | D21: 0 | E21: ='Perhitungan Main Part'!L23 -> 7.1053167 | F21: ='Perhitungan Main Part'!X23 -> 14.8884 | G21: ='Perhitungan Main Part'!AJ23 -> 30.680833 | H21: ='Perhitungan Main Part'!AV23 -> 46.620667 | I21: ='Perhitungan Main Part'!BH23 -> 62.6706 | J21: ='Perhitungan Main Part'!BT23 -> 78.812533 | K21: ='Perhitungan Main Part'!CF23 -> 95.017067 | L21: ='Perhitungan Main Part'!CR23 -> 103.13338 | M21: ='Perhitungan Main Part'!DD23 -> 114.5067 | N21: ='Perhitungan Main Part'!DP23 -> 125.88901 | O21: ='Perhitungan Main Part'!ED23 -> 137.05523 | R21: =B21 -> 15 | S21: =R21*$R$3 -> 475.35 | T21: =C21*R$2 -> 0 | U21: =IF(U$2<$T21,"-",D21*$Q$4+$S21) -> 475.35 | V21: =IF(V$2<$T21,"-",E21*$Q$4+$S21) -> 478.90266 | W21: =IF(W$2<$T21,"-",F21*$Q$4+$S21) -> 482.7942 | X21: =IF(X$2<$T21,"-",G21*$Q$4+$S21) -> 490.69042 | Y21: =IF(Y$2<$T21,"-",H21*$Q$4+$S21) -> 498.66033 | Z21: =IF(Z$2<$T21,"-",I21*$Q$4+$S21) -> 506.6853 | AA21: =IF(AA$2<$T21,"-",J21*$Q$4+$S21) -> 514.75627 | AB21: =IF(AB$2<$T21,"-",K21*$Q$4+$S21) -> 522.85853 | ... AE21: =IF(AE$2<$T21,"-",N21*$Q$4+$S21) -> 538.2945 | AF21: =O21*$Q$4+S21 -> 543.87761 | AG21: ='Perhitungan Main Part'!EA23*R$2 -> 215.0425 | AR21: =IF(U$2<$T23,IF(V$2<$T23,"-",$T23),U$2) -> 0 | AS21: =IF(V$2<$T23,IF(W$2<$T23,"-",$T23),V$2) -> 12.5 | AT21: =IF(W$2<$T23,IF(X$2<$T23,"-",$T23),W$2) -> 25 | AU21: =IF(X$2<$T23,IF(Y$2<$T23,"-",$T23),X$2) -> 50 | AV21: =IF(Y$2<$T23,IF(Z$2<$T23,"-",$T23),Y$2) -> 75 | AW21: =IF(Z$2<$T23,IF(AA$2<$T23,"-",$T23),Z$2) -> 100 | AX21: =IF(AA$2<$T23,IF(AB$2<$T23,"-",$T23),AA$2) -> 125 | AY21: =IF(AB$2<$T23,IF(AC$2<$T23,"-",$T23),AB$2) -> 150 | ... BA21: =IF(AD$2<$T23,IF(AE$2<$T23,"-",$T23),AD$2) -> 180 | BB21: =IF(AE$2<$T23,IF($AG23<$T23,"-",$T23),AE$2) -> 197.5 | BC21: =AG23 -> 227.225
B22: ='Tabel Offset'!A25 -> 16 | C22: 0 | D22: 0 | E22: ='Perhitungan Main Part'!L24 -> 6.4313833 | F22: ='Perhitungan Main Part'!X24 -> 13.588917 | G22: ='Perhitungan Main Part'!AJ24 -> 28.475383 | H22: ='Perhitungan Main Part'!AV24 -> 43.669617 | I22: ='Perhitungan Main Part'!BH24 -> 59.069283 | J22: ='Perhitungan Main Part'!BT24 -> 74.65065 | K22: ='Perhitungan Main Part'!CF24 -> 90.40095 | L22: ='Perhitungan Main Part'!CR24 -> 98.333483 | M22: ='Perhitungan Main Part'!DD24 -> 109.48343 | N22: ='Perhitungan Main Part'!DP24 -> 120.68042 | O22: ='Perhitungan Main Part'!ED24 -> 134.9315 | R22: =B22 -> 16 | S22: =R22*$R$3 -> 507.04 | T22: =C22*R$2 -> 0 | U22: =IF(U$2<$T22,"-",D22*$Q$4+$S22) -> 507.04 | V22: =IF(V$2<$T22,"-",E22*$Q$4+$S22) -> 510.25569 | W22: =IF(W$2<$T22,"-",F22*$Q$4+$S22) -> 513.83446 | X22: =IF(X$2<$T22,"-",G22*$Q$4+$S22) -> 521.27769 | Y22: =IF(Y$2<$T22,"-",H22*$Q$4+$S22) -> 528.87481 | Z22: =IF(Z$2<$T22,"-",I22*$Q$4+$S22) -> 536.57464 | AA22: =IF(AA$2<$T22,"-",J22*$Q$4+$S22) -> 544.36532 | AB22: =IF(AB$2<$T22,"-",K22*$Q$4+$S22) -> 552.24048 | ... AE22: =IF(AE$2<$T22,"-",N22*$Q$4+$S22) -> 567.38021 | AF22: =O22*$Q$4+S22 -> 574.50575 | AG22: ='Perhitungan Main Part'!EA24*R$2 -> 220.285 | AR22: =IF(U$2<$T24,IF(V$2<$T24,"-",$T24),U$2) -> 0 | AS22: =IF(V$2<$T24,IF(W$2<$T24,"-",$T24),V$2) -> 12.5 | AT22: =IF(W$2<$T24,IF(X$2<$T24,"-",$T24),W$2) -> 25 | AU22: =IF(X$2<$T24,IF(Y$2<$T24,"-",$T24),X$2) -> 50 | AV22: =IF(Y$2<$T24,IF(Z$2<$T24,"-",$T24),Y$2) -> 75 | AW22: =IF(Z$2<$T24,IF(AA$2<$T24,"-",$T24),Z$2) -> 100 | AX22: =IF(AA$2<$T24,IF(AB$2<$T24,"-",$T24),AA$2) -> 125 | AY22: =IF(AB$2<$T24,IF(AC$2<$T24,"-",$T24),AB$2) -> 150 | ... BA22: =IF(AD$2<$T24,IF(AE$2<$T24,"-",$T24),AD$2) -> 180 | BB22: =IF(AE$2<$T24,IF($AG24<$T24,"-",$T24),AE$2) -> 197.5 | BC22: =AG24 -> 234.71
B23: ='Tabel Offset'!A26 -> 17 | C23: 0 | D23: 0 | E23: ='Perhitungan Main Part'!L25 -> 5.52335 | F23: ='Perhitungan Main Part'!X25 -> 11.955567 | G23: ='Perhitungan Main Part'!AJ25 -> 25.248633 | H23: ='Perhitungan Main Part'!AV25 -> 39.042067 | I23: ='Perhitungan Main Part'!BH25 -> 53.206467 | J23: ='Perhitungan Main Part'!BT25 -> 67.6489 | K23: ='Perhitungan Main Part'!CF25 -> 82.3188 | L23: ='Perhitungan Main Part'!CR25 -> 89.72885 | M23: ='Perhitungan Main Part'!DD25 -> 100.17794 | N23: ='Perhitungan Main Part'!DP25 -> 110.70675 | O23: ='Perhitungan Main Part'!ED25 -> 128.17709 | R23: =B23 -> 17 | S23: =R23*$R$3 -> 538.73 | T23: =C23*R$2 -> 0 | U23: =IF(U$2<$T23,"-",D23*$Q$4+$S23) -> 538.73 | V23: =IF(V$2<$T23,"-",E23*$Q$4+$S23) -> 541.49167 | W23: =IF(W$2<$T23,"-",F23*$Q$4+$S23) -> 544.70778 | X23: =IF(X$2<$T23,"-",G23*$Q$4+$S23) -> 551.35432 | Y23: =IF(Y$2<$T23,"-",H23*$Q$4+$S23) -> 558.25103 | Z23: =IF(Z$2<$T23,"-",I23*$Q$4+$S23) -> 565.33323 | AA23: =IF(AA$2<$T23,"-",J23*$Q$4+$S23) -> 572.55445 | AB23: =IF(AB$2<$T23,"-",K23*$Q$4+$S23) -> 579.8894 | ... AE23: =IF(AE$2<$T23,"-",N23*$Q$4+$S23) -> 594.08338 | AF23: =O23*$Q$4+S23 -> 602.81854 | AG23: ='Perhitungan Main Part'!EA25*R$2 -> 227.225 | AR23: =IF(U$2<$T25,IF(V$2<$T25,"-",$T25),U$2) -> 0 | AS23: =IF(V$2<$T25,IF(W$2<$T25,"-",$T25),V$2) -> 12.5 | AT23: =IF(W$2<$T25,IF(X$2<$T25,"-",$T25),W$2) -> 25 | AU23: =IF(X$2<$T25,IF(Y$2<$T25,"-",$T25),X$2) -> 50 | AV23: =IF(Y$2<$T25,IF(Z$2<$T25,"-",$T25),Y$2) -> 75 | AW23: =IF(Z$2<$T25,IF(AA$2<$T25,"-",$T25),Z$2) -> 100 | AX23: =IF(AA$2<$T25,IF(AB$2<$T25,"-",$T25),AA$2) -> 125 | AY23: =IF(AB$2<$T25,IF(AC$2<$T25,"-",$T25),AB$2) -> 150 | ... BA23: =IF(AD$2<$T25,IF(AE$2<$T25,"-",$T25),AD$2) -> 180 | BB23: =IF(AE$2<$T25,IF($AG25<$T25,"-",$T25),AE$2) -> 197.5 | BC23: =AG25 -> 238.46
B24: ='Tabel Offset'!A27 -> 18 | C24: 0 | D24: 0 | E24: ='Perhitungan Main Part'!L26 -> 4.1954167 | F24: ='Perhitungan Main Part'!X26 -> 9.07815 | G24: ='Perhitungan Main Part'!AJ26 -> 19.653417 | H24: ='Perhitungan Main Part'!AV26 -> 30.91055 | I24: ='Perhitungan Main Part'!BH26 -> 42.73695 | J24: ='Perhitungan Main Part'!BT26 -> 55.034817 | K24: ='Perhitungan Main Part'!CF26 -> 67.692617 | L24: ='Perhitungan Main Part'!CR26 -> 74.132567 | M24: ='Perhitungan Main Part'!DD26 -> 83.257627 | N24: ='Perhitungan Main Part'!DP26 -> 92.498863 | O24: ='Perhitungan Main Part'!ED26 -> 111.52721 | R24: =B24 -> 18 | S24: =R24*$R$3 -> 570.42 | T24: =C24*R$2 -> 0 | U24: =IF(U$2<$T24,"-",D24*$Q$4+$S24) -> 570.42 | V24: =IF(V$2<$T24,"-",E24*$Q$4+$S24) -> 572.51771 | W24: =IF(W$2<$T24,"-",F24*$Q$4+$S24) -> 574.95908 | X24: =IF(X$2<$T24,"-",G24*$Q$4+$S24) -> 580.24671 | Y24: =IF(Y$2<$T24,"-",H24*$Q$4+$S24) -> 585.87528 | Z24: =IF(Z$2<$T24,"-",I24*$Q$4+$S24) -> 591.78848 | AA24: =IF(AA$2<$T24,"-",J24*$Q$4+$S24) -> 597.93741 | AB24: =IF(AB$2<$T24,"-",K24*$Q$4+$S24) -> 604.26631 | ... AE24: =IF(AE$2<$T24,"-",N24*$Q$4+$S24) -> 616.66943 | AF24: =O24*$Q$4+S24 -> 626.18361 | AG24: ='Perhitungan Main Part'!EA26*R$2 -> 234.71 | AR24: =IF(U$2<$T26,IF(V$2<$T26,"-",$T26),U$2) -> 1.275 | AS24: =IF(V$2<$T26,IF(W$2<$T26,"-",$T26),V$2) -> 12.5 | AT24: =IF(W$2<$T26,IF(X$2<$T26,"-",$T26),W$2) -> 25 | AU24: =IF(X$2<$T26,IF(Y$2<$T26,"-",$T26),X$2) -> 50 | AV24: =IF(Y$2<$T26,IF(Z$2<$T26,"-",$T26),Y$2) -> 75 | AW24: =IF(Z$2<$T26,IF(AA$2<$T26,"-",$T26),Z$2) -> 100 | AX24: =IF(AA$2<$T26,IF(AB$2<$T26,"-",$T26),AA$2) -> 125 | AY24: =IF(AB$2<$T26,IF(AC$2<$T26,"-",$T26),AB$2) -> 150 | ... BA24: =IF(AD$2<$T26,IF(AE$2<$T26,"-",$T26),AD$2) -> 180 | BB24: =IF(AE$2<$T26,IF($AG26<$T26,"-",$T26),AE$2) -> 197.5 | BC24: =AG26 -> 242.195
B25: ='Tabel Offset'!A28 -> 18.5 | C25: 0 | D25: 0 | E25: ='Perhitungan Main Part'!L27 -> 3.22125 | F25: ='Perhitungan Main Part'!X27 -> 7.2694833 | G25: ='Perhitungan Main Part'!AJ27 -> 15.83535 | H25: ='Perhitungan Main Part'!AV27 -> 25.161683 | I25: ='Perhitungan Main Part'!BH27 -> 35.11775 | J25: ='Perhitungan Main Part'!BT27 -> 45.81045 | K25: ='Perhitungan Main Part'!CF27 -> 56.967617 | L25: ='Perhitungan Main Part'!CR27 -> 62.60755 | M25: ='Perhitungan Main Part'!DD27 -> 70.644227 | N25: ='Perhitungan Main Part'!DP27 -> 78.82662 | O25: ='Perhitungan Main Part'!ED27 -> 97.338465 | R25: =B25 -> 18.5 | S25: =R25*$R$3 -> 586.265 | T25: =C25*R$2 -> 0 | U25: =IF(U$2<$T25,"-",D25*$Q$4+$S25) -> 586.265 | V25: =IF(V$2<$T25,"-",E25*$Q$4+$S25) -> 587.87563 | W25: =IF(W$2<$T25,"-",F25*$Q$4+$S25) -> 589.89974 | X25: =IF(X$2<$T25,"-",G25*$Q$4+$S25) -> 594.18268 | Y25: =IF(Y$2<$T25,"-",H25*$Q$4+$S25) -> 598.84584 | Z25: =IF(Z$2<$T25,"-",I25*$Q$4+$S25) -> 603.82388 | AA25: =IF(AA$2<$T25,"-",J25*$Q$4+$S25) -> 609.17022 | AB25: =IF(AB$2<$T25,"-",K25*$Q$4+$S25) -> 614.74881 | ... AE25: =IF(AE$2<$T25,"-",N25*$Q$4+$S25) -> 625.67831 | AF25: =O25*$Q$4+S25 -> 634.93423 | AG25: ='Perhitungan Main Part'!EA27*R$2 -> 238.46 | AR25: =IF(U$2<$T27,IF(V$2<$T27,"-",$T27),U$2) -> 6.9 | AS25: =IF(V$2<$T27,IF(W$2<$T27,"-",$T27),V$2) -> 12.5 | AT25: =IF(W$2<$T27,IF(X$2<$T27,"-",$T27),W$2) -> 25 | AU25: =IF(X$2<$T27,IF(Y$2<$T27,"-",$T27),X$2) -> 50 | AV25: =IF(Y$2<$T27,IF(Z$2<$T27,"-",$T27),Y$2) -> 75 | AW25: =IF(Z$2<$T27,IF(AA$2<$T27,"-",$T27),Z$2) -> 100 | AX25: =IF(AA$2<$T27,IF(AB$2<$T27,"-",$T27),AA$2) -> 125 | AY25: =IF(AB$2<$T27,IF(AC$2<$T27,"-",$T27),AB$2) -> 150 | ... BA25: =IF(AD$2<$T27,IF(AE$2<$T27,"-",$T27),AD$2) -> 180 | BB25: =IF(AE$2<$T27,IF($AG27<$T27,"-",$T27),AE$2) -> 197.5 | BC25: =AG27 -> 245.945
B26: ='Tabel Offset'!A29 -> 19 | C26: 0.051 | D26: 0 | E26: ='Perhitungan Main Part'!L28 -> 1.8681167 | F26: ='Perhitungan Main Part'!X28 -> 4.4587 | G26: ='Perhitungan Main Part'!AJ28 -> 10.4136 | H26: ='Perhitungan Main Part'!AV28 -> 17.192767 | I26: ='Perhitungan Main Part'!BH28 -> 24.6222 | J26: ='Perhitungan Main Part'!BT28 -> 32.657167 | K26: ='Perhitungan Main Part'!CF28 -> 41.237633 | L26: ='Perhitungan Main Part'!CR28 -> 45.708633 | M26: ='Perhitungan Main Part'!DD28 -> 52.143645 | N26: ='Perhitungan Main Part'!DP28 -> 58.777106 | O26: ='Perhitungan Main Part'!ED28 -> 75.33851 | R26: =B26 -> 19 | S26: =R26*$R$3 -> 602.11 | T26: =C26*R$2 -> 1.275 | U26: =IF(U$2<$T26,"-",D26*$Q$4+$S26) -> - | V26: =IF(V$2<$T26,"-",E26*$Q$4+$S26) -> 603.04406 | W26: =IF(W$2<$T26,"-",F26*$Q$4+$S26) -> 604.33935 | X26: =IF(X$2<$T26,"-",G26*$Q$4+$S26) -> 607.3168 | Y26: =IF(Y$2<$T26,"-",H26*$Q$4+$S26) -> 610.70638 | Z26: =IF(Z$2<$T26,"-",I26*$Q$4+$S26) -> 614.4211 | AA26: =IF(AA$2<$T26,"-",J26*$Q$4+$S26) -> 618.43858 | AB26: =IF(AB$2<$T26,"-",K26*$Q$4+$S26) -> 622.72882 | ... AE26: =IF(AE$2<$T26,"-",N26*$Q$4+$S26) -> 631.49855 | AF26: =O26*$Q$4+S26 -> 639.77926 | AG26: ='Perhitungan Main Part'!EA28*R$2 -> 242.195 | AR26: =IF(U$2<$T28,IF(V$2<$T28,"-",$T28),U$2) -> - | AS26: =IF(V$2<$T28,IF(W$2<$T28,"-",$T28),V$2) -> - | AT26: =IF(W$2<$T28,IF(X$2<$T28,"-",$T28),W$2) -> - | AU26: =IF(X$2<$T28,IF(Y$2<$T28,"-",$T28),X$2) -> - | AV26: =IF(Y$2<$T28,IF(Z$2<$T28,"-",$T28),Y$2) -> - | AW26: =IF(Z$2<$T28,IF(AA$2<$T28,"-",$T28),Z$2) -> - | AX26: =IF(AA$2<$T28,IF(AB$2<$T28,"-",$T28),AA$2) -> 148.125 | AY26: =IF(AB$2<$T28,IF(AC$2<$T28,"-",$T28),AB$2) -> 150 | ... BA26: =IF(AD$2<$T28,IF(AE$2<$T28,"-",$T28),AD$2) -> 180 | BB26: =IF(AE$2<$T28,IF($AG28<$T28,"-",$T28),AE$2) -> 197.5 | BC26: =AG28 -> 249.7175
B27: ='Tabel Offset'!A30 -> 19.5 | C27: 0.276 | D27: 0 | E27: ='Perhitungan Main Part'!L29 -> 0.0685 | F27: ='Perhitungan Main Part'!X29 -> 0.78741667 | G27: ='Perhitungan Main Part'!AJ29 -> 3.17535 | H27: ='Perhitungan Main Part'!AV29 -> 6.42565 | I27: ='Perhitungan Main Part'!BH29 -> 10.36735 | J27: ='Perhitungan Main Part'!BT29 -> 14.895917 | K27: ='Perhitungan Main Part'!CF29 -> 19.975883 | L27: ='Perhitungan Main Part'!CR29 -> 22.713317 | M27: ='Perhitungan Main Part'!DD29 -> 26.75661 | N27: ='Perhitungan Main Part'!DP29 -> 31.074707 | O27: ='Perhitungan Main Part'!ED29 -> 43.669264 | R27: =B27 -> 19.5 | S27: =R27*$R$3 -> 617.955 | T27: =C27*R$2 -> 6.9 | U27: =IF(U$2<$T27,"-",D27*$Q$4+$S27) -> - | V27: =IF(V$2<$T27,"-",E27*$Q$4+$S27) -> 617.98925 | W27: =IF(W$2<$T27,"-",F27*$Q$4+$S27) -> 618.34871 | X27: =IF(X$2<$T27,"-",G27*$Q$4+$S27) -> 619.54268 | Y27: =IF(Y$2<$T27,"-",H27*$Q$4+$S27) -> 621.16782 | Z27: =IF(Z$2<$T27,"-",I27*$Q$4+$S27) -> 623.13868 | AA27: =IF(AA$2<$T27,"-",J27*$Q$4+$S27) -> 625.40296 | AB27: =IF(AB$2<$T27,"-",K27*$Q$4+$S27) -> 627.94294 | ... AE27: =IF(AE$2<$T27,"-",N27*$Q$4+$S27) -> 633.49235 | AF27: =O27*$Q$4+S27 -> 639.78963 | AG27: ='Perhitungan Main Part'!EA29*R$2 -> 245.945
B28: ='Tabel Offset'!A31 -> FP | C28: 5.925 | D28: 0 | E28: ='Perhitungan Main Part'!L30 -> 0 | F28: ='Perhitungan Main Part'!X30 -> 0 | G28: ='Perhitungan Main Part'!AJ30 -> 0 | H28: ='Perhitungan Main Part'!AV30 -> 0 | I28: ='Perhitungan Main Part'!BH30 -> 0 | J28: ='Perhitungan Main Part'!BT30 -> 0 | K28: ='Perhitungan Main Part'!CF30 -> 0 | L28: ='Perhitungan Main Part'!CR30 -> 0.027066667 | M28: ='Perhitungan Main Part'!DD30 -> 0.40077333 | N28: ='Perhitungan Main Part'!DP30 -> 1.0681533 | O28: ='Perhitungan Main Part'!ED30 -> 5.2040578 | R28: =B28 -> FP | S28: =20*$R$3 -> 633.8 | T28: =C28*R$2 -> 148.125 | U28: =IF(U$2<$T28,"-",D28*$Q$4+$S28) -> - | V28: =IF(V$2<$T28,"-",E28*$Q$4+$S28) -> - | W28: =IF(W$2<$T28,"-",F28*$Q$4+$S28) -> - | X28: =IF(X$2<$T28,"-",G28*$Q$4+$S28) -> - | Y28: =IF(Y$2<$T28,"-",H28*$Q$4+$S28) -> - | Z28: =IF(Z$2<$T28,"-",I28*$Q$4+$S28) -> - | AA28: =IF(AA$2<$T28,"-",J28*$Q$4+$S28) -> - | AB28: =IF(AB$2<$T28,"-",K28*$Q$4+$S28) -> 633.8 | ... AE28: =IF(AE$2<$T28,"-",N28*$Q$4+$S28) -> 634.33408 | AF28: =O28*$Q$4+S28 -> 636.40203 | AG28: ='Perhitungan Main Part'!EA30*R$2 -> 249.7175
Q29: Skala | R29: X | S29: 1: | T29: =('Tabel Offset'!AA4/20)*1000/R3 -> 150
N30: =1/40 -> 0.025 | R30: Y | S30: 1: | T30: =1000/R2 -> 40 | AR30: Plot acad dalam cm
R31: Luas | S31: 1 mm: | T31: =1/Q4 -> 2 | U31: m2 | AR31: Ini ya lei yang ke acad,,, tinggal copas,,,, jan lupa decimal separator di excel diubah sesuaiin ama acad,, bisanya pake koma apa titik
B33: Rumus AUTOCAD | AT33: =U2 -> 0 | AU33: =V2 -> 12.5 | AV33: =W2 -> 25 | AW33: =X2 -> 50 | AX33: =Y2 -> 75 | AY33: =Z2 -> 100 | AZ33: =AA2 -> 125 | BA33: =AB2 -> 150 | ... BD33: =AE2 -> 197.5 | BE33: Zmax
O34: Gausah copy yg warna tsb apabila tidak pake sheer | AE34: DI bawah ini khusus buat yg ga pake sheer | AJ34: DI bawah ini khusus buat yg pake sheer | AS34: AP | AT34: =CONCATENATE($AR$37,U4,",",U$2) -> PO -,0 | AU34: =CONCATENATE($AR$37,V4,",",V$2) -> PO -,12.5 | AV34: =CONCATENATE($AR$37,W4,",",W$2) -> PO -,25 | AW34: =CONCATENATE($AR$37,X4,",",X$2) -> PO -,50 | AX34: =CONCATENATE($AR$37,Y4,",",Y$2) -> PO -,75 | AY34: =CONCATENATE($AR$37,Z4,",",Z$2) -> PO -,100 | AZ34: =CONCATENATE($AR$37,AA4,",",AA$2) -> PO -,125 | BA34: =CONCATENATE($AR$37,AB4,",",AB$2) -> PO 0.715733333333333,150 | ... BD34: =CONCATENATE($AR$37,AE4,",",AE$2) -> PO 6.56678666666667,197.5 | BE34: =CONCATENATE($AR$37,AF4,",",$AG4) -> PO 11.4793514666667,222.3625
A35: =R4 -> AP | B35: SPL | C35: =IF(U$2<$T4,IF(V$2<$T4,U4,$S4),U4)&","&AR2 -> -,- | D35: =IF(V$2<$T4,IF(W$2<$T4,V4,$S4),V4)&","&AS2 -> -,- | E35: =IF(W$2<$T4,IF(X$2<$T4,W4,$S4),W4)&","&AT2 -> -,- | F35: =IF(X$2<$T4,IF(Y$2<$T4,X4,$S4),X4)&","&AU2 -> -,- | G35: =IF(Y$2<$T4,IF(Z$2<$T4,Y4,$S4),Y4)&","&AV2 -> -,- | H35: =IF(Z$2<$T4,IF(AA$2<$T4,Z4,$S4),Z4)&","&AW2 -> -,- | I35: =IF(AA$2<$T4,IF(AB$2<$T4,AA4,$S4),AA4)&","&AX2 -> 0,131.85 | J35: =IF(AB$2<$T4,IF(AC$2<$T4,AB4,$S4),AB4)&","&AY2 -> 0.715733333333333,150 | ... L35: =IF(AD$2<$T4,IF(AE$2<$T4,AD4,$S4),AD4)&","&BA2 -> 3.81393166666667,180 | M35: =IF(AE$2<$T4,IF($AG4<$T4,AE4,$S4),AE4)&","&BB2 -> 6.56678666666667,197.5 | N35: =AF4&","&BC2 -> 11.4793514666667,222.3625 | P35: =A35 -> AP | Q35: SPL | R35: =IF(AR2="-","-",$S4)&","&AR2 -> -,- | S35: =IF(AS2="-","-",$S4)&","&AS2 -> -,- | T35: =IF(AT2="-","-",$S4)&","&AT2 -> -,- | U35: =IF(AU2="-","-",$S4)&","&AU2 -> -,- | V35: =IF(AV2="-","-",$S4)&","&AV2 -> -,- | W35: =IF(AW2="-","-",$S4)&","&AW2 -> -,- | X35: =IF(AX2="-","-",$S4)&","&AX2 -> 0,131.85 | Y35: =IF(AY2="-","-",$S4)&","&AY2 -> 0,150 | ... AB35: =IF(BB2="-","-",$S4)&","&BB2 -> 0,197.5 | AC35: =$S4&","&BC2 -> 0,222.3625 | AE35: =P35 -> AP | AF35: Line | AG35: =$S4&","&MAX(AR2:BB2) -> 0,197.5 | AH35: =MAX(U4:AE4)&","&MAX(AR2:BB2) -> 6.56678666666667,197.5 | AJ35: =AE35 -> AP | AK35: spl | AL35: =$S4&","&BC2 -> 0,222.3625 | AM35: =$AF4&","&BC2 -> 11.4793514666667,222.3625 | AS35: 0.5 | AT35: =CONCATENATE($AR$37,U5,",",U$2) -> PO -,0 | AU35: =CONCATENATE($AR$37,V5,",",V$2) -> PO -,12.5 | AV35: =CONCATENATE($AR$37,W5,",",W$2) -> PO 15.8555,25 | AW35: =CONCATENATE($AR$37,X5,",",X$2) -> PO 16.245,50 | AX35: =CONCATENATE($AR$37,Y5,",",Y$2) -> PO 16.9657666666667,75 | AY35: =CONCATENATE($AR$37,Z5,",",Z$2) -> PO 17.9054333333333,100 | AZ35: =CONCATENATE($AR$37,AA5,",",AA$2) -> PO 19.37015,125 | BA35: =CONCATENATE($AR$37,AB5,",",AB$2) -> PO 21.7808333333333,150 | ... BD35: =CONCATENATE($AR$37,AE5,",",AE$2) -> PO 29.5031233333333,197.5 | BE35: =CONCATENATE($AR$37,AF5,",",$AG5) -> PO 34.6150103333333,220.1875
A36: =R5 -> 0.5 | B36: SPL | C36: =IF(U$2<$T5,IF(V$2<$T5,U5,$S5),U5)&","&AR3 -> -,- | D36: =IF(V$2<$T5,IF(W$2<$T5,V5,$S5),V5)&","&AS3 -> 15.845,13.65 | E36: =IF(W$2<$T5,IF(X$2<$T5,W5,$S5),W5)&","&AT3 -> 15.8555,25 | F36: =IF(X$2<$T5,IF(Y$2<$T5,X5,$S5),X5)&","&AU3 -> 16.245,50 | G36: =IF(Y$2<$T5,IF(Z$2<$T5,Y5,$S5),Y5)&","&AV3 -> 16.9657666666667,75 | H36: =IF(Z$2<$T5,IF(AA$2<$T5,Z5,$S5),Z5)&","&AW3 -> 17.9054333333333,100 | I36: =IF(AA$2<$T5,IF(AB$2<$T5,AA5,$S5),AA5)&","&AX3 -> 19.37015,125 | J36: =IF(AB$2<$T5,IF(AC$2<$T5,AB5,$S5),AB5)&","&AY3 -> 21.7808333333333,150 | ... L36: =IF(AD$2<$T5,IF(AE$2<$T5,AD5,$S5),AD5)&","&BA3 -> 26.1589433333333,180 | M36: =IF(AE$2<$T5,IF($AG5<$T5,AE5,$S5),AE5)&","&BB3 -> 29.5031233333333,197.5 | N36: =AF5&","&BC3 -> 34.6150103333333,220.1875 | P36: =A36 -> 0.5 | Q36: SPL | R36: =IF(AR3="-","-",$S5)&","&AR3 -> -,- | S36: =IF(AS3="-","-",$S5)&","&AS3 -> 15.845,13.65 | T36: =IF(AT3="-","-",$S5)&","&AT3 -> 15.845,25 | U36: =IF(AU3="-","-",$S5)&","&AU3 -> 15.845,50 | V36: =IF(AV3="-","-",$S5)&","&AV3 -> 15.845,75 | W36: =IF(AW3="-","-",$S5)&","&AW3 -> 15.845,100 | X36: =IF(AX3="-","-",$S5)&","&AX3 -> 15.845,125 | Y36: =IF(AY3="-","-",$S5)&","&AY3 -> 15.845,150 | ... AB36: =IF(BB3="-","-",$S5)&","&BB3 -> 15.845,197.5 | AC36: =$S5&","&BC3 -> 15.845,220.1875 | AE36: =P36 -> 0.5 | AF36: Line | AG36: =$S5&","&MAX(AR3:BB3) -> 15.845,197.5 | AH36: =MAX(U5:AE5)&","&MAX(AR3:BB3) -> 29.5031233333333,197.5 | AJ36: =AE36 -> 0.5 | AK36: spl | AL36: =$S5&","&BC3 -> 15.845,220.1875 | AM36: =$AF5&","&BC3 -> 34.6150103333333,220.1875 | AS36: 1 | AT36: =CONCATENATE($AR$37,U6,",",U$2) -> PO -,0 | AU36: =CONCATENATE($AR$37,V6,",",V$2) -> PO 31.8205083333333,12.5 | AV36: =CONCATENATE($AR$37,W6,",",W$2) -> PO 32.1825166666667,25 | AW36: =CONCATENATE($AR$37,X6,",",X$2) -> PO 33.3892666666667,50 | AX36: =CONCATENATE($AR$37,Y6,",",Y$2) -> PO 34.9200166666667,75 | AY36: =CONCATENATE($AR$37,Z6,",",Z$2) -> PO 37.1320166666667,100 | AZ36: =CONCATENATE($AR$37,AA6,",",AA$2) -> PO 39.9145833333333,125 | BA36: =CONCATENATE($AR$37,AB6,",",AB$2) -> PO 43.5091833333333,150 | ... BD36: =CONCATENATE($AR$37,AE6,",",AE$2) -> PO 53.324205,197.5 | BE36: =CONCATENATE($AR$37,AF6,",",$AG6) -> PO 58.52550949,218.0225
A37: =R6 -> 1 | B37: SPL | C37: =IF(U$2<$T6,IF(V$2<$T6,U6,$S6),U6)&","&AR4 -> 31.69,1.725 | D37: =IF(V$2<$T6,IF(W$2<$T6,V6,$S6),V6)&","&AS4 -> 31.8205083333333,12.5 | E37: =IF(W$2<$T6,IF(X$2<$T6,W6,$S6),W6)&","&AT4 -> 32.1825166666667,25 | F37: =IF(X$2<$T6,IF(Y$2<$T6,X6,$S6),X6)&","&AU4 -> 33.3892666666667,50 | G37: =IF(Y$2<$T6,IF(Z$2<$T6,Y6,$S6),Y6)&","&AV4 -> 34.9200166666667,75 | H37: =IF(Z$2<$T6,IF(AA$2<$T6,Z6,$S6),Z6)&","&AW4 -> 37.1320166666667,100 | I37: =IF(AA$2<$T6,IF(AB$2<$T6,AA6,$S6),AA6)&","&AX4 -> 39.9145833333333,125 | J37: =IF(AB$2<$T6,IF(AC$2<$T6,AB6,$S6),AB6)&","&AY4 -> 43.5091833333333,150 | ... L37: =IF(AD$2<$T6,IF(AE$2<$T6,AD6,$S6),AD6)&","&BA4 -> 49.220245,180 | M37: =IF(AE$2<$T6,IF($AG6<$T6,AE6,$S6),AE6)&","&BB4 -> 53.324205,197.5 | N37: =AF6&","&BC4 -> 58.52550949,218.0225 | P37: =A37 -> 1 | Q37: SPL | R37: =IF(AR4="-","-",$S6)&","&AR4 -> 31.69,1.725 | S37: =IF(AS4="-","-",$S6)&","&AS4 -> 31.69,12.5 | T37: =IF(AT4="-","-",$S6)&","&AT4 -> 31.69,25 | U37: =IF(AU4="-","-",$S6)&","&AU4 -> 31.69,50 | V37: =IF(AV4="-","-",$S6)&","&AV4 -> 31.69,75 | W37: =IF(AW4="-","-",$S6)&","&AW4 -> 31.69,100 | X37: =IF(AX4="-","-",$S6)&","&AX4 -> 31.69,125 | Y37: =IF(AY4="-","-",$S6)&","&AY4 -> 31.69,150 | ... AB37: =IF(BB4="-","-",$S6)&","&BB4 -> 31.69,197.5 | AC37: =$S6&","&BC4 -> 31.69,218.0225 | AE37: =P37 -> 1 | AF37: Line | AG37: =$S6&","&MAX(AR4:BB4) -> 31.69,197.5 | AH37: =MAX(U6:AE6)&","&MAX(AR4:BB4) -> 53.324205,197.5 | AJ37: =AE37 -> 1 | AK37: spl | AL37: =$S6&","&BC4 -> 31.69,218.0225 | AM37: =$AF6&","&BC4 -> 58.52550949,218.0225 | AR37: PO | AS37: 1.5 | AT37: =CONCATENATE($AR$37,U7,",",U$2) -> PO 47.535,0 | AU37: =CONCATENATE($AR$37,V7,",",V$2) -> PO 47.850225,12.5 | AV37: =CONCATENATE($AR$37,W7,",",W$2) -> PO 48.4913166666667,25 | AW37: =CONCATENATE($AR$37,X7,",",X$2) -> PO 50.3466,50 | AX37: =CONCATENATE($AR$37,Y7,",",Y$2) -> PO 52.7151333333333,75 | AY37: =CONCATENATE($AR$37,Z7,",",Z$2) -> PO 55.82665,100 | AZ37: =CONCATENATE($AR$37,AA7,",",AA$2) -> PO 59.6399333333333,125 | BA37: =CONCATENATE($AR$37,AB7,",",AB$2) -> PO 64.3689666666667,150 | ... BD37: =CONCATENATE($AR$37,AE7,",",AE$2) -> PO 77.0020966666667,197.5 | BE37: =CONCATENATE($AR$37,AF7,",",$AG7) -> PO 82.0187802016667,215.8475
